"vin";"time";"mac_address";"name";"vehicle_speed";"latitude";"longitude";"altitude";"battery_voltage";"humidity";"low_battery";"temperature";"serial_number_ctm";"daily_message_counter";"row_create_dt"
ZKDBN702W0TS50052;2024-05-07 13:50:59.737 +0200;"7C:D9:F4:03:DA:58";Attrezzo2;0;42,9849473333;10,8451108333;100,6;2.870;;false;;"002-2002-0008-AE";0;2024-05-07 13:51:59.090 +0200
ZKDBN702W0TS50052;2024-05-07 13:51:00.319 +0200;"7C:D9:F4:04:07:74";Attrezzo1;0;42,9849483333;10,845109;100,4;2.870;;false;;"002-2002-0008-AE";0;2024-05-07 13:51:59.090 +0200
ZKDBN702W0TS50052;2024-05-07 13:51:01.024 +0200;"7C:D9:F4:02:F4:38";"7C-D9-F4-02-F4-38";0;42,9849483333;10,845109;100,4;3.950;;false;;"002-2002-0008-AE";0;2024-05-07 13:51:59.090 +0200
ZKDBN702W0TS50052;2024-05-07 13:51:01.956 +0200;"7C:D9:F4:01:74:7C";Attrezzo3;0;42,9849475;10,8451083333;100,1;3.960;;false;;"002-2002-0008-AE";0;2024-05-07 13:51:59.090 +0200
ZKDBN702W0TS50052;2024-05-07 13:51:02.309 +0200;"7C:D9:F4:02:59:A6";Attrezzo5;0;42,9849461667;10,8451078333;99,8;2.000;;false;;"002-2002-0008-AE";0;2024-05-07 13:51:59.090 +0200
ZKDBN702W0TS50052;2024-05-07 13:55:25.138 +0200;"7C:D9:F4:04:07:74";Attrezzo1;3,32422;42,98489;10,8450725;96,8;3.950;;false;;"002-2002-0008-AE";1;2024-05-07 13:56:31.508 +0200
ZKDBN702W0TS50052;2024-05-07 13:56:51.026 +0200;"7C:D9:F4:04:07:74";Attrezzo1;0;42,9850738333;10,8452771667;112;2.000;;false;;"002-2002-0008-AE";2;2024-05-07 13:57:14.328 +0200
ZKDBN702W0TS50052;2024-05-07 13:58:53.301 +0200;"7C:D9:F4:04:07:74";Attrezzo1;2,70313;42,9849601667;10,8453991667;93,7;3.960;;false;;"002-2002-0008-AE";3;2024-05-07 13:59:19.352 +0200
ZKDBN702W0TS50052;2024-05-07 14:02:20.550 +0200;"7C:D9:F4:04:07:74";Attrezzo1;2,0625;42,9877718333;10,8447683333;90,5;3.950;;false;;"002-2002-0008-AE";4;2024-05-07 14:02:43.649 +0200
ZKDBN702W0TS50052;2024-05-07 14:05:41.655 +0200;"7C:D9:F4:04:07:74";Attrezzo1;3,35938;42,9889076667;10,8443988333;74,4;3.960;;false;;"002-2002-0008-AE";5;2024-05-07 14:06:07.770 +0200
ZKDBN702W0TS50052;2024-05-07 14:09:08.922 +0200;"7C:D9:F4:04:07:74";Attrezzo1;3,35156;42,9880546667;10,8447458333;109,9;2.000;;false;;"002-2002-0008-AE";6;2024-05-07 14:09:31.952 +0200
ZKDBN702W0TS50052;2024-05-07 14:12:33.107 +0200;"7C:D9:F4:04:07:74";Attrezzo1;3,33203;42,9881546667;10,844786;105,1;2.000;;false;;"002-2002-0008-AE";7;2024-05-07 14:12:59.210 +0200
ZKDBN702W0TS50052;2024-05-07 14:16:06.885 +0200;"7C:D9:F4:04:07:74";Attrezzo1;2,85938;42,987425;10,8451871667;113,3;2.000;;false;;"002-2002-0008-AE";0;2024-05-07 14:16:26.577 +0200
ZKDBN702W0TS50052;2024-05-07 14:18:02.676 +0200;"7C:D9:F4:04:07:74";Attrezzo1;0;42,9878061667;10,844975;112,7;4.480;;false;;"002-2002-0008-AE";1;2024-05-07 14:18:22.702 +0200
ZKDBN702W0TS50052;2024-05-07 14:18:22.726 +0200;"7C:D9:F4:04:07:74";Attrezzo1;1,22656;42,9878061667;10,844975;112,7;4.480;;false;;"002-2002-0008-AE";2;2024-05-07 14:18:44.796 +0200
ZKDBN702W0TS50052;2024-05-07 14:21:45.976 +0200;"7C:D9:F4:04:07:74";Attrezzo1;3,25;42,9897648333;10,8446283333;104,5;2.000;;false;;"002-2002-0008-AE";3;2024-05-07 14:22:12.096 +0200
ZKDBN702W0TS50052;2024-05-07 14:25:13.242 +0200;"7C:D9:F4:04:07:74";Attrezzo1;2,36719;42,9874763333;10,8453218333;113,2;4.480;;false;;"002-2002-0008-AE";4;2024-05-07 14:25:39.341 +0200
ZKDBN702W0TS50052;2024-05-07 14:30:45.438 +0200;"7C:D9:F4:04:07:74";Attrezzo1;1,26563;42,9889085;10,8444856667;105,6;3.220;;false;;"002-2002-0008-AE";0;2024-05-07 14:31:26.948 +0200
ZKDBN702W0TS50052;2024-05-07 14:32:07.783 +0200;"7C:D9:F4:04:07:74";Attrezzo1;0;42,9889475;10,8444788333;95,5;2.000;;false;;"002-2002-0008-AE";1;2024-05-07 14:32:30.749 +0200
ZKDBN702W0TS50052;2024-05-07 14:33:57.827 +0200;"7C:D9:F4:04:07:74";Attrezzo1;1,69922;42,9889703333;10,8444998333;90,2;2.000;;false;;"002-2002-0008-AE";2;2024-05-07 14:34:14.949 +0200
ZKDBN702W0TS50052;2024-05-07 14:37:16.056 +0200;"7C:D9:F4:04:07:74";Attrezzo1;2,76172;42,9880566667;10,8450076667;100,5;2.000;;false;;"002-2002-0008-AE";3;2024-05-07 14:37:42.189 +0200
ZKDBN702W0TS50052;2024-05-07 14:40:43.245 +0200;"7C:D9:F4:04:07:74";Attrezzo1;2,76172;42,9883885;10,8449501667;98,2;2.000;;false;;"002-2002-0008-AE";4;2024-05-07 14:41:06.315 +0200
ZKDBN702W0TS50052;2024-05-07 14:44:10.510 +0200;"7C:D9:F4:04:07:74";Attrezzo1;2,75;42,9884583333;10,8450393333;102,1;3.230;;false;;"002-2002-0008-AE";5;2024-05-07 14:44:30.628 +0200
ZKDBN702W0TS50052;2024-05-07 14:50:33.826 +0200;"7C:D9:F4:04:07:74";Attrezzo1;2,77734;42,9888736667;10,844909;86,3;3.230;;false;;"002-2002-0008-AE";6;2024-05-07 14:50:56.872 +0200
ZKDBN702W0TS50052;2024-05-07 14:52:29.985 +0200;"7C:D9:F4:04:07:74";Attrezzo1;0;42,9891203333;10,8447756667;62,7;2.960;;false;;"002-2002-0008-AE";7;2024-05-07 14:52:56.049 +0200
ZKDBN702W0TS50052;2024-05-07 14:52:56.111 +0200;"7C:D9:F4:04:07:74";Attrezzo1;2,76172;42,9890741667;10,8448251667;68;3.240;;false;;"002-2002-0008-AE";8;2024-05-07 14:53:24.264 +0200
ZKDBN702W0TS50052;2024-05-07 14:56:25.419 +0200;"7C:D9:F4:04:07:74";Attrezzo1;1,74219;42,9878403333;10,8454538333;96,3;3.250;;false;;"002-2002-0008-AE";9;2024-05-07 14:56:48.500 +0200
ZKDBN702W0TS50052;2024-05-07 14:58:24.581 +0200;"7C:D9:F4:04:07:74";Attrezzo1;0,40625;42,987735;10,8456831667;81,7;3.240;;false;;"002-2002-0008-AE";10;2024-05-07 14:58:47.635 +0200
ZKDBN702W0TS50052;2024-05-07 14:58:47.603 +0200;"7C:D9:F4:04:07:74";Attrezzo1;0,570313;42,9877551667;10,8457028333;91,4;3.020;;false;;"002-2002-0008-AE";11;2024-05-07 14:59:18.863 +0200
ZKDBN702W0TS50052;2024-05-07 15:02:19.877 +0200;"7C:D9:F4:03:DA:58";Attrezzo2;8,75391;42,9848381667;10,8451601667;97;3.230;;false;;"002-2002-0008-AE";12;2024-05-07 15:02:49.168 +0200
ZKDBN702W0TS50052;2024-05-07 15:02:20.499 +0200;"7C:D9:F4:04:07:74";Attrezzo1;9,34766;42,9848431667;10,8451363333;97,1;3.230;;false;;"002-2002-0008-AE";12;2024-05-07 15:02:49.168 +0200
ZKDBN702W0TS50052;2024-05-07 15:15:56.445 +0200;"7C:D9:F4:04:07:74";Attrezzo1;16,8164;;;;3.690;;false;;"002-2002-0008-AE";0;2024-05-07 15:16:37.848 +0200
ZKDBN702W0TS50052;2024-05-07 15:35:34.440 +0200;"7C:D9:F4:04:07:74";Attrezzo1;12,9102;;;;2.000;;false;;"002-2002-0008-AE";0;2024-05-07 15:36:17.393 +0200
ZKDBN702W0TS50052;2024-05-07 15:37:25.982 +0200;"7C:D9:F4:04:07:74";Attrezzo1;0;;;;2.000;;false;;"002-2002-0008-AE";1;2024-05-07 15:37:56.268 +0200
ZKDBN702W0TS50052;2024-05-07 15:37:27.106 +0200;"7C:D9:F4:03:DA:58";Attrezzo2;0;;;;2.000;;false;;"002-2002-0008-AE";1;2024-05-07 15:37:56.268 +0200
ZKDBN702W0TS50052;2024-05-07 15:39:19.045 +0200;"7C:D9:F4:04:07:74";Attrezzo1;9,375;42,9850883333;10,8453803333;81,1;4.370;;false;;"002-2002-0008-AE";2;2024-05-07 15:40:02.188 +0200
ZKDBN702W0TS50052;2024-05-07 15:43:04.588 +0200;"7C:D9:F4:04:07:74";Attrezzo1;3,78516;42,9861191667;10,8434303333;84,5;2.000;;false;;"002-2002-0008-AE";3;2024-05-07 15:43:24.509 +0200
ZKDBN702W0TS50052;2024-05-07 15:46:25.652 +0200;"7C:D9:F4:04:07:74";Attrezzo1;3,85938;42,9878765;10,8427375;84,6;2.000;;false;;"002-2002-0008-AE";4;2024-05-07 15:46:51.761 +0200
ZKDBN702W0TS50052;2024-05-07 15:49:52.917 +0200;"7C:D9:F4:04:07:74";Attrezzo1;3,88281;42,9865035;10,8435813333;43,1;2.000;;false;;"002-2002-0008-AE";5;2024-05-07 15:50:16.063 +0200
ZKDBN702W0TS50052;2024-05-08 07:05:51.557 +0200;"7C:D9:F4:04:07:74";Attrezzo1;9,50781;;;;2.000;;false;;"002-2002-0008-AE";0;2024-05-08 07:06:40.962 +0200
ZKDBN702W0TS50052;2024-05-08 07:06:07.547 +0200;"7C:D9:F4:02:59:A6";Attrezzo5;1,42188;;;;2.000;;false;;"002-2002-0008-AE";0;2024-05-08 07:06:40.962 +0200
ZKDBN702W0TS50052;2024-05-08 07:07:09.630 +0200;"7C:D9:F4:04:07:74";Attrezzo1;0;42,9849791667;10,8455808333;104,4;2.000;;false;;"002-2002-0008-AE";1;2024-05-08 07:07:43.298 +0200
ZKDBN702W0TS50052;2024-05-08 07:07:11.231 +0200;"7C:D9:F4:02:59:A6";Attrezzo5;0;42,9849773333;10,8455786667;104,2;2.630;;false;;"002-2002-0008-AE";1;2024-05-08 07:07:43.298 +0200
ZKDBN702W0TS50052;2024-05-08 07:09:45.316 +0200;"7C:D9:F4:04:07:74";Attrezzo1;1,72656;42,9849643333;10,8455713333;100,5;2.630;;false;;"002-2002-0008-AE";2;2024-05-08 07:10:21.539 +0200
ZKDBN702W0TS50052;2024-05-08 07:09:46.797 +0200;"7C:D9:F4:02:59:A6";Attrezzo5;2,95703;42,9849683333;10,8455688333;100;2.640;;false;;"002-2002-0008-AE";2;2024-05-08 07:10:21.539 +0200
ZKDBN702W0TS50052;2024-05-08 07:10:58.959 +0200;"7C:D9:F4:04:07:74";Attrezzo1;0;42,9850261667;10,8454653333;93,5;2.630;;false;;"002-2002-0008-AE";3;2024-05-08 07:11:37.498 +0200
ZKDBN702W0TS50052;2024-05-08 07:11:00.573 +0200;"7C:D9:F4:02:59:A6";Attrezzo5;0;42,9850248333;10,8454651667;93,4;2.890;;false;;"002-2002-0008-AE";3;2024-05-08 07:11:37.498 +0200
ZKDBN702W0TS50052;2024-05-08 07:11:01.193 +0200;"7C:D9:F4:02:F4:38";Attrezzo4;0;42,9850243333;10,8454641667;93,3;2.630;;false;;"002-2002-0008-AE";3;2024-05-08 07:11:37.498 +0200
ZKDBN702W0TS50052;2024-05-08 07:46:42.544 +0200;"7C:D9:F4:04:07:74";Attrezzo1;1,125;42,984909;10,8454825;83,1;3.030;;false;;"002-2002-0008-AE";4;2024-05-08 07:47:08.778 +0200
ZKDBN702W0TS50052;2024-05-08 07:50:09.854 +0200;"7C:D9:F4:04:07:74";Attrezzo1;7,9375;42,9867823333;10,8443143333;81,7;2.620;;false;;"002-2002-0008-AE";5;2024-05-08 07:50:33.178 +0200
ZKDBN702W0TS50052;2024-05-08 07:52:36.376 +0200;"7C:D9:F4:04:07:74";Attrezzo1;0;42,987668;10,8454938333;90,9;2.000;;false;;"002-2002-0008-AE";6;2024-05-08 07:52:56.438 +0200
ZKDBN702W0TS50052;2024-05-08 07:56:37.065 +0200;"7C:D9:F4:04:07:74";Attrezzo1;1,32813;42,9876751667;10,8454741667;87,6;2.000;;false;;"002-2002-0008-AE";7;2024-05-08 07:57:00.038 +0200
ZKDBN702W0TS50052;2024-05-08 07:59:52.150 +0200;"7C:D9:F4:04:07:74";Attrezzo1;0;42,9878118333;10,8452896667;110;2.000;;false;;"002-2002-0008-AE";8;2024-05-08 08:00:15.238 +0200
ZKDBN702W0TS50052;2024-05-08 08:00:56.706 +0200;"7C:D9:F4:04:07:74";Attrezzo1;2,19922;42,987833;10,8453098333;107;2.630;;false;;"002-2002-0008-AE";9;2024-05-08 08:01:16.796 +0200
ZKDBN702W0TS50052;2024-05-08 08:03:32.351 +0200;"7C:D9:F4:04:07:74";Attrezzo1;0;42,988312;10,8451066667;98,9;2.660;;false;;"002-2002-0008-AE";10;2024-05-08 08:03:43.418 +0200
ZKDBN702W0TS50052;2024-05-08 08:14:42.147 +0200;"7C:D9:F4:04:07:74";Attrezzo1;0,828125;42,9885715;10,844944;101,9;2.000;;false;;"002-2002-0008-AE";0;2024-05-08 08:15:09.020 +0200
ZKDBN702W0TS50052;2024-05-08 08:17:54.687 +0200;"7C:D9:F4:04:07:74";Attrezzo1;2,83203;42,9888813333;10,8449068333;103,7;3.910;;false;;"002-2002-0008-AE";1;2024-05-08 08:18:16.271 +0200
ZKDBN702W0TS50052;2024-05-08 08:21:17.420 +0200;"7C:D9:F4:04:07:74";Attrezzo1;2,86328;42,9877761667;10,8455148333;98,5;2.000;;false;;"002-2002-0008-AE";2;2024-05-08 08:21:40.478 +0200
ZKDBN702W0TS50052;2024-05-08 08:23:37.921 +0200;"7C:D9:F4:04:07:74";Attrezzo1;0;42,9883161667;10,8452943333;103,2;2.000;;false;;"002-2002-0008-AE";3;2024-05-08 08:23:57.875 +0200
ZKDBN702W0TS50052;2024-05-08 08:24:45.519 +0200;"7C:D9:F4:04:07:74";Attrezzo1;1,32031;42,9882901667;10,8452418333;113,6;2.000;;false;;"002-2002-0008-AE";4;2024-05-08 08:25:08.598 +0200
ZKDBN702W0TS50052;2024-05-08 08:27:45.448 +0200;"7C:D9:F4:04:07:74";Attrezzo1;1,60547;42,9888706667;10,8450118333;84,9;3.910;;false;;"002-2002-0008-AE";5;2024-05-08 08:28:09.320 +0200
ZKDBN702W0TS50052;2024-05-08 08:29:47.684 +0200;"7C:D9:F4:04:07:74";Attrezzo1;0;42,9891155;10,8448398333;89,2;2.000;;false;;"002-2002-0008-AE";6;2024-05-08 08:30:13.906 +0200
ZKDBN702W0TS50052;2024-05-08 08:30:21.944 +0200;"7C:D9:F4:04:07:74";Attrezzo1;2,48047;42,9893526667;10,8447916667;120,5;2.000;;false;;"002-2002-0008-AE";7;2024-05-08 08:30:44.981 +0200
ZKDBN702W0TS50052;2024-05-08 08:33:46.104 +0200;"7C:D9:F4:04:07:74";Attrezzo1;2,34766;42,9882435;10,8453958333;105,7;3.930;;false;;"002-2002-0008-AE";8;2024-05-08 08:34:09.184 +0200
ZKDBN702W0TS50052;2024-05-08 08:36:12.723 +0200;"7C:D9:F4:04:07:74";Attrezzo1;0;42,9877283333;10,8456901667;93,4;2.000;;false;;"002-2002-0008-AE";9;2024-05-08 08:36:35.800 +0200
ZKDBN702W0TS50052;2024-05-08 08:36:53.020 +0200;"7C:D9:F4:04:07:74";Attrezzo1;1,51172;42,9877283333;10,8456901667;93,4;2.000;;false;;"002-2002-0008-AE";10;2024-05-08 08:37:16.071 +0200
ZKDBN702W0TS50052;2024-05-08 08:40:20.240 +0200;"7C:D9:F4:04:07:74";Attrezzo1;2,25;42,9888925;10,845113;116,6;3.930;;false;;"002-2002-0008-AE";11;2024-05-08 08:40:43.463 +0200
ZKDBN702W0TS50052;2024-05-08 08:43:44.521 +0200;"7C:D9:F4:04:07:74";Attrezzo1;2,71875;42,9902051667;10,844451;102,8;2.000;;false;;"002-2002-0008-AE";12;2024-05-08 08:44:13.879 +0200
ZKDBN702W0TS50052;2024-05-08 08:47:14.834 +0200;"7C:D9:F4:04:07:74";Attrezzo1;5,94922;42,9867585;10,844176;95,8;3.930;;false;;"002-2002-0008-AE";13;2024-05-08 08:47:41.018 +0200
ZKDBN702W0TS50052;2024-05-08 08:50:42.091 +0200;"7C:D9:F4:04:07:74";Attrezzo1;2,69922;42,9862276667;10,8438426667;94,2;2.000;;false;;"002-2002-0008-AE";14;2024-05-08 08:51:11.297 +0200
ZKDBN702W0TS50052;2024-05-08 08:54:12.419 +0200;"7C:D9:F4:04:07:74";Attrezzo1;2,90234;42,9875166667;10,8427865;98,4;2.000;;false;;"002-2002-0008-AE";15;2024-05-08 08:54:35.518 +0200
ZKDBN702W0TS50052;2024-05-08 08:56:57.132 +0200;"7C:D9:F4:04:07:74";Attrezzo1;0,367188;42,9882431667;10,8427968333;92,2;2.000;;false;;"002-2002-0008-AE";16;2024-05-08 08:57:23.243 +0200
ZKDBN702W0TS50052;2024-05-08 08:57:23.197 +0200;"7C:D9:F4:04:07:74";Attrezzo1;4,24219;42,9882546667;10,8427596667;92,6;2.000;;false;;"002-2002-0008-AE";17;2024-05-08 08:57:48.392 +0200
ZKDBN702W0TS50052;2024-05-08 08:59:23.743 +0200;"7C:D9:F4:04:07:74";Attrezzo1;0;42,9882016667;10,8426425;93,8;2.000;;false;;"002-2002-0008-AE";18;2024-05-08 08:59:44.784 +0200
ZKDBN702W0TS50052;2024-05-08 08:59:45.071 +0200;"7C:D9:F4:04:07:74";Attrezzo1;0,628906;42,9882675;10,8424241667;92,7;2.000;;false;;"002-2002-0008-AE";19;2024-05-08 09:00:09.718 +0200
ZKDBN702W0TS50052;2024-05-08 09:01:09.448 +0200;"7C:D9:F4:04:07:74";Attrezzo1;0;42,9881761667;10,842748;97,8;2.000;;false;;"002-2002-0008-AE";20;2024-05-08 09:01:29.500 +0200
ZKDBN702W0TS50052;2024-05-08 09:06:55.633 +0200;"7C:D9:F4:04:07:74";Attrezzo1;2,13672;42,9879795;10,8428248333;88,8;2.000;;false;;"002-2002-0008-AE";21;2024-05-08 09:07:13.500 +0200
ZKDBN702W0TS50052;2024-05-08 09:10:14.518 +0200;"7C:D9:F4:04:07:74";Attrezzo1;2,70703;42,9874001667;10,8432246667;103,5;3.010;;false;;"002-2002-0008-AE";22;2024-05-08 09:10:40.670 +0200
ZKDBN702W0TS50052;2024-05-08 09:13:41.820 +0200;"7C:D9:F4:04:07:74";Attrezzo1;2,85156;42,9860241667;10,8438558333;87;2.000;;false;;"002-2002-0008-AE";23;2024-05-08 09:14:08.011 +0200
ZKDBN702W0TS50052;2024-05-08 09:15:53.214 +0200;"7C:D9:F4:04:07:74";Attrezzo1;0;42,9858575;10,8440173333;84;3.960;;false;;"002-2002-0008-AE";24;2024-05-08 09:16:19.347 +0200
ZKDBN702W0TS50052;2024-05-08 09:16:51.769 +0200;"7C:D9:F4:04:07:74";Attrezzo1;1,73828;42,9858875;10,8440455;85,7;2.000;;false;;"002-2002-0008-AE";25;2024-05-08 09:17:14.839 +0200
ZKDBN702W0TS50052;2024-05-08 09:19:51.700 +0200;"7C:D9:F4:04:07:74";Attrezzo1;2,82813;42,9870048333;10,843546;92,7;3.970;;false;;"002-2002-0008-AE";26;2024-05-08 09:20:14.809 +0200
ZKDBN702W0TS50052;2024-05-08 09:23:15.886 +0200;"7C:D9:F4:04:07:74";Attrezzo1;2,83984;42,9882178333;10,8430341667;80,9;3.980;;false;;"002-2002-0008-AE";27;2024-05-08 09:23:42.019 +0200
ZKDBN702W0TS50052;2024-05-08 09:26:43.178 +0200;"7C:D9:F4:04:07:74";Attrezzo1;2,85938;42,9868013333;10,843744;85,8;3.980;;false;;"002-2002-0008-AE";28;2024-05-08 09:27:09.353 +0200
ZKDBN702W0TS50052;2024-05-08 09:30:13.487 +0200;"7C:D9:F4:04:07:74";Attrezzo1;2,84375;42,9865168333;10,8438116667;79,8;3.020;;false;;"002-2002-0008-AE";29;2024-05-08 09:30:39.602 +0200
ZKDBN702W0TS50052;2024-05-08 09:33:40.691 +0200;"7C:D9:F4:04:07:74";Attrezzo1;2,76172;42,987789;10,8431615;84,9;3.930;;false;;"002-2002-0008-AE";30;2024-05-08 09:34:06.891 +0200
ZKDBN702W0TS50052;2024-05-08 09:37:08.047 +0200;"7C:D9:F4:04:07:74";Attrezzo1;3,47266;42,9877055;10,8433755;89,7;2.000;;false;;"002-2002-0008-AE";31;2024-05-08 09:37:31.042 +0200
ZKDBN702W0TS50052;2024-05-08 09:40:36.694 +0200;"7C:D9:F4:04:07:74";Attrezzo1;3,51953;42,9862451667;10,8440281667;84,2;2.000;;false;;"002-2002-0008-AE";32;2024-05-08 09:40:55.344 +0200
ZKDBN702W0TS50052;2024-05-08 09:43:56.400 +0200;"7C:D9:F4:04:07:74";Attrezzo1;2,89453;42,987801;10,843281;89;3.980;;false;;"002-2002-0008-AE";33;2024-05-08 09:44:19.451 +0200
ZKDBN702W0TS50052;2024-05-08 09:47:23.573 +0200;"7C:D9:F4:04:07:74";Attrezzo1;2,91797;42,987661;10,8434781667;94,3;2.000;;false;;"002-2002-0008-AE";34;2024-05-08 09:47:44.083 +0200
ZKDBN702W0TS50052;2024-05-08 09:50:44.717 +0200;"7C:D9:F4:04:07:74";Attrezzo1;2,49219;42,986319;10,8441316667;94,6;2.000;;false;;"002-2002-0008-AE";35;2024-05-08 09:51:07.806 +0200
ZKDBN702W0TS50052;2024-05-08 09:54:08.957 +0200;"7C:D9:F4:04:07:74";Attrezzo1;2,86328;42,9875765;10,8436131667;97,8;4.000;;false;;"002-2002-0008-AE";36;2024-05-08 09:54:35.109 +0200
ZKDBN702W0TS50052;2024-05-08 09:57:36.242 +0200;"7C:D9:F4:04:07:74";Attrezzo1;2,85156;42,9879175;10,8435435;103,8;2.000;;false;;"002-2002-0008-AE";37;2024-05-08 09:58:02.410 +0200
ZKDBN702W0TS50052;2024-05-08 10:01:03.551 +0200;"7C:D9:F4:04:07:74";Attrezzo1;2,85938;42,986591;10,8442263333;88;4.010;;false;;"002-2002-0008-AE";38;2024-05-08 10:01:26.678 +0200
ZKDBN702W0TS50052;2024-05-08 10:04:27.725 +0200;"7C:D9:F4:04:07:74";Attrezzo1;2,34375;42,987473;10,8436456667;95,2;4.010;;false;;"002-2002-0008-AE";39;2024-05-08 10:04:50.785 +0200
ZKDBN702W0TS50052;2024-05-08 10:07:55.668 +0200;"7C:D9:F4:04:07:74";Attrezzo1;2,79297;42,9883706667;10,8434018333;91,4;2.000;;false;;"002-2002-0008-AE";40;2024-05-08 10:08:15.167 +0200
ZKDBN702W0TS50052;2024-05-08 10:11:16.098 +0200;"7C:D9:F4:04:07:74";Attrezzo1;2,82813;42,9870241667;10,8440428333;96,2;2.000;;false;;"002-2002-0008-AE";41;2024-05-08 10:11:39.198 +0200
ZKDBN702W0TS50052;2024-05-08 10:14:40.376 +0200;"7C:D9:F4:04:07:74";Attrezzo1;2,79297;42,9872545;10,8439533333;94,3;4.030;;false;;"002-2002-0008-AE";42;2024-05-08 10:15:03.451 +0200
ZKDBN702W0TS50052;2024-05-08 10:21:06.646 +0200;"7C:D9:F4:04:07:74";Attrezzo1;3,42188;42,9872138333;10,8441408333;96,3;4.030;;false;;"002-2002-0008-AE";43;2024-05-08 10:21:26.613 +0200
ZKDBN702W0TS50052;2024-05-08 10:24:27.782 +0200;"7C:D9:F4:04:07:74";Attrezzo1;3,16406;42,9874798333;10,843986;100,9;2.000;;false;;"002-2002-0008-AE";44;2024-05-08 10:24:53.996 +0200
ZKDBN702W0TS50052;2024-05-08 10:25:35.448 +0200;"7C:D9:F4:04:07:74";Attrezzo1;0;42,9876136667;10,8441318333;117,9;2.000;;false;;"002-2002-0008-AE";45;2024-05-08 10:25:58.523 +0200
ZKDBN702W0TS50052;2024-05-08 10:30:15.546 +0200;"7C:D9:F4:04:07:74";Attrezzo1;2,58203;42,9875115;10,8438868333;89;2.880;;false;;"002-2002-0008-AE";46;2024-05-08 10:30:38.671 +0200
ZKDBN702W0TS50052;2024-05-08 10:33:15.446 +0200;"7C:D9:F4:04:07:74";Attrezzo1;3,15234;42,9885371667;10,8435511667;96;3.010;;false;;"002-2002-0008-AE";47;2024-05-08 10:33:38.538 +0200
ZKDBN702W0TS50052;2024-05-08 10:36:54.776 +0200;"7C:D9:F4:04:07:74";Attrezzo1;3,14453;42,987093;10,8443103333;98,9;2.000;;false;;"002-2002-0008-AE";48;2024-05-08 10:37:02.696 +0200
ZKDBN702W0TS50052;2024-05-08 10:38:29.699 +0200;"7C:D9:F4:04:07:74";Attrezzo1;0;42,9867601667;10,8443981667;83,5;2.000;;false;;"002-2002-0008-AE";49;2024-05-08 10:38:49.787 +0200
ZKDBN702W0TS50052;2024-05-08 10:39:04.014 +0200;"7C:D9:F4:04:07:74";Attrezzo1;2,64063;42,9868203333;10,8444751667;99,5;2.000;;false;;"002-2002-0008-AE";50;2024-05-08 10:39:30.103 +0200
ZKDBN702W0TS50052;2024-05-08 10:42:31.219 +0200;"7C:D9:F4:04:07:74";Attrezzo1;3,46875;42,9880198333;10,8438215;91;4.060;;false;;"002-2002-0008-AE";51;2024-05-08 10:42:54.559 +0200
ZKDBN702W0TS50052;2024-05-08 10:45:55.468 +0200;"7C:D9:F4:04:07:74";Attrezzo1;3,45313;42,9878263333;10,8439926667;99,3;2.000;;false;;"002-2002-0008-AE";52;2024-05-08 10:46:18.583 +0200
ZKDBN702W0TS50052;2024-05-08 10:49:22.711 +0200;"7C:D9:F4:04:07:74";Attrezzo1;0;42,9869283333;10,8444935;91,9;4.060;;false;;"002-2002-0008-AE";53;2024-05-08 10:49:42.776 +0200
ZKDBN702W0TS50052;2024-05-08 10:50:09.129 +0200;"7C:D9:F4:04:07:74";Attrezzo1;3,01172;42,9869038333;10,8444765;92,6;4.030;;false;;"002-2002-0008-AE";54;2024-05-08 10:50:32.163 +0200
ZKDBN702W0TS50052;2024-05-08 10:53:09.059 +0200;"7C:D9:F4:04:07:74";Attrezzo1;3,44141;42,9875556667;10,8442163333;105,7;4.070;;false;;"002-2002-0008-AE";55;2024-05-08 10:53:38.318 +0200
ZKDBN702W0TS50052;2024-05-08 10:56:39.438 +0200;"7C:D9:F4:04:07:74";Attrezzo1;2,84766;42,9883316667;10,8439021667;91,8;2.000;;false;;"002-2002-0008-AE";56;2024-05-08 10:57:05.611 +0200
ZKDBN702W0TS50052;2024-05-08 11:03:08.825 +0200;"7C:D9:F4:04:07:74";Attrezzo1;2,78906;42,9881421667;10,8438985;93,4;2.000;;false;;"002-2002-0008-AE";57;2024-05-08 11:03:31.983 +0200
ZKDBN702W0TS50052;2024-05-08 11:06:33.191 +0200;"7C:D9:F4:04:07:74";Attrezzo1;2,82813;42,9879631667;10,8441363333;98;4.070;;false;;"002-2002-0008-AE";58;2024-05-08 11:06:59.263 +0200
ZKDBN702W0TS50052;2024-05-08 11:10:00.377 +0200;"7C:D9:F4:04:07:74";Attrezzo1;2,82031;42,9875416667;10,8443975;105,2;4.030;;false;;"002-2002-0008-AE";59;2024-05-08 11:10:24.051 +0200
ZKDBN702W0TS50052;2024-05-08 11:13:24.616 +0200;"7C:D9:F4:04:07:74";Attrezzo1;2,85156;42,9886208333;10,8437856667;91,7;2.000;;false;;"002-2002-0008-AE";60;2024-05-08 11:13:50.762 +0200
ZKDBN702W0TS50052;2024-05-08 11:15:23.925 +0200;"7C:D9:F4:04:07:74";Attrezzo1;0;42,9886541667;10,8440006667;47,5;2.000;;false;;"002-2002-0008-AE";61;2024-05-08 11:15:53.077 +0200
ZKDBN702W0TS50052;2024-05-08 11:16:37.613 +0200;"7C:D9:F4:04:07:74";Attrezzo1;1,59766;42,9886686667;10,8439755;79,6;4.080;;false;;"002-2002-0008-AE";62;2024-05-08 11:17:00.739 +0200
ZKDBN702W0TS50052;2024-05-08 11:20:07.908 +0200;"7C:D9:F4:04:07:74";Attrezzo1;0;42,9878621667;10,8443828333;107,3;2.000;;false;;"002-2002-0008-AE";63;2024-05-08 11:20:31.002 +0200
ZKDBN702W0TS50052;2024-05-08 11:27:16.681 +0200;"7C:D9:F4:04:07:74";Attrezzo1;1,80078;42,9878296667;10,8444061667;101,3;2.000;;false;;"002-2002-0008-AE";64;2024-05-08 11:27:36.778 +0200
ZKDBN702W0TS50052;2024-05-08 11:30:37.849 +0200;"7C:D9:F4:04:07:74";Attrezzo1;2,71875;42,9887366667;10,843971;90,4;2.000;;false;;"002-2002-0008-AE";65;2024-05-08 11:31:04.092 +0200
ZKDBN702W0TS50052;2024-05-08 11:34:05.120 +0200;"7C:D9:F4:04:07:74";Attrezzo1;2,75781;42,9883565;10,8442995;97,9;4.090;;false;;"002-2002-0008-AE";66;2024-05-08 11:34:31.293 +0200
ZKDBN702W0TS50052;2024-05-08 11:37:35.408 +0200;"7C:D9:F4:04:07:74";Attrezzo1;0,238281;42,9878925;10,8445483333;108,5;2.000;;false;;"002-2002-0008-AE";67;2024-05-08 11:37:58.518 +0200
ZKDBN702W0TS50052;2024-05-08 11:40:59.637 +0200;"7C:D9:F4:04:07:74";Attrezzo1;2,26953;42,988617;10,844275;103,9;4.110;;false;;"002-2002-0008-AE";68;2024-05-08 11:41:25.858 +0200
ZKDBN702W0TS50052;2024-05-08 11:44:26.993 +0200;"7C:D9:F4:04:07:74";Attrezzo1;2,82813;42,9885308333;10,8444551667;104,1;2.000;;false;;"002-2002-0008-AE";69;2024-05-08 11:44:50.112 +0200
ZKDBN702W0TS50052;2024-05-08 11:48:52.010 +0200;"7C:D9:F4:04:07:74";Attrezzo1;0;42,987908;10,8448236667;90,4;4.100;;false;;"002-2002-0008-AE";70;2024-05-08 11:49:12.059 +0200
ZKDBN702W0TS50052;2024-05-08 11:53:13.829 +0200;"7C:D9:F4:04:07:74";Attrezzo1;0,753906;42,9879461667;10,8447908333;110,5;4.110;;false;;"002-2002-0008-AE";71;2024-05-08 11:53:42.955 +0200
ZKDBN702W0TS50052;2024-05-08 11:56:44.116 +0200;"7C:D9:F4:04:07:74";Attrezzo1;2,46094;42,9863866667;10,8441491667;88,4;4.120;;false;;"002-2002-0008-AE";72;2024-05-08 11:57:10.898 +0200
ZKDBN702W0TS50052;2024-05-08 13:36:30.616 +0200;"7C:D9:F4:04:07:74";Attrezzo1;3,46484;42,984952;10,8454151667;102,8;2.000;;false;;"002-2002-0008-AE";0;2024-05-08 13:37:03.198 +0200
ZKDBN702W0TS50052;2024-05-08 13:36:33.298 +0200;"7C:D9:F4:01:74:7C";Attrezzo3;5,58594;42,984975;10,8454525;97,2;2.000;;false;;"002-2002-0008-AE";0;2024-05-08 13:37:03.198 +0200
ZKDBN702W0TS50052;2024-05-08 13:40:03.480 +0200;"7C:D9:F4:04:07:74";Attrezzo1;9,92578;42,9862856667;10,843478;89,8;2.370;;false;;"002-2002-0008-AE";1;2024-05-08 13:40:26.539 +0200
ZKDBN702W0TS50052;2024-05-08 14:00:40.181 +0200;"7C:D9:F4:04:07:74";Attrezzo1;3,66016;42,9899396667;10,8460496667;98,6;2.920;;false;;"002-2002-0008-AE";6;2024-05-08 14:01:06.506 +0200
ZKDBN702W0TS50052;2024-05-08 14:04:07.533 +0200;"7C:D9:F4:04:07:74";Attrezzo1;1,08594;42,9900993333;10,8463766667;101,5;2.400;;false;;"002-2002-0008-AE";7;2024-05-08 14:04:30.592 +0200
ZKDBN702W0TS50052;2024-05-08 14:07:31.716 +0200;"7C:D9:F4:04:07:74";Attrezzo1;3,13281;42,9901653333;10,8464375;117,1;2.000;;false;;"002-2002-0008-AE";8;2024-05-08 14:07:54.915 +0200
ZKDBN702W0TS50052;2024-05-08 14:10:56.127 +0200;"7C:D9:F4:04:07:74";Attrezzo1;3,64453;42,9901256667;10,8458981667;105,2;2.000;;false;;"002-2002-0008-AE";9;2024-05-08 14:11:19.092 +0200
ZKDBN702W0TS50052;2024-05-08 14:13:49.888 +0200;"7C:D9:F4:04:07:74";Attrezzo1;0;42,990101;10,846333;113,1;2.000;;false;;"002-2002-0008-AE";10;2024-05-08 14:14:13.107 +0200
ZKDBN702W0TS50052;2024-05-08 14:16:55.977 +0200;"7C:D9:F4:04:07:74";Attrezzo1;0,304688;42,9900263333;10,8463793333;88,2;2.000;;false;;"002-2002-0008-AE";11;2024-05-08 14:17:15.942 +0200
ZKDBN702W0TS50052;2024-05-08 14:20:17.164 +0200;"7C:D9:F4:04:07:74";Attrezzo1;3,625;42,9901413333;10,8462235;103,4;2.400;;false;;"002-2002-0008-AE";12;2024-05-08 14:20:46.418 +0200
ZKDBN702W0TS50052;2024-05-08 14:23:53.600 +0200;"7C:D9:F4:04:07:74";Attrezzo1;0;42,9899085;10,8457561667;99,8;2.920;;false;;"002-2002-0008-AE";13;2024-05-08 14:24:19.654 +0200
ZKDBN702W0TS50052;2024-05-08 14:25:07.780 +0200;"7C:D9:F4:04:07:74";Attrezzo1;3,59375;42,9898843333;10,8458161667;99,5;2.000;;false;;"002-2002-0008-AE";14;2024-05-08 14:25:27.344 +0200
ZKDBN702W0TS50052;2024-05-08 14:28:28.525 +0200;"7C:D9:F4:04:07:74";Attrezzo1;1,35938;42,9897518333;10,8452181667;100,6;2.920;;false;;"002-2002-0008-AE";15;2024-05-08 14:28:51.729 +0200
ZKDBN702W0TS50052;2024-05-08 14:31:52.706 +0200;"7C:D9:F4:04:07:74";Attrezzo1;3,61328;42,9898481667;10,8462703333;114,5;2.000;;false;;"002-2002-0008-AE";16;2024-05-08 14:32:15.818 +0200
ZKDBN702W0TS50052;2024-05-08 14:35:20.074 +0200;"7C:D9:F4:04:07:74";Attrezzo1;3,5625;42,9898185;10,8463356667;109,9;2.000;;false;;"002-2002-0008-AE";17;2024-05-08 14:35:43.106 +0200
ZKDBN702W0TS50052;2024-05-08 14:38:44.217 +0200;"7C:D9:F4:04:07:74";Attrezzo1;2,60938;42,9895563333;10,8451415;113,4;2.390;;false;;"002-2002-0008-AE";18;2024-05-08 14:39:07.351 +0200
ZKDBN702W0TS50052;2024-05-08 14:42:08.494 +0200;"7C:D9:F4:04:07:74";Attrezzo1;3,61328;42,9896968333;10,8463248333;109,1;2.420;;false;;"002-2002-0008-AE";19;2024-05-08 14:42:31.561 +0200
ZKDBN702W0TS50052;2024-05-08 14:45:32.687 +0200;"7C:D9:F4:04:07:74";Attrezzo1;3,57422;42,989712;10,8464336667;105,5;2.000;;false;;"002-2002-0008-AE";20;2024-05-08 14:45:58.861 +0200
ZKDBN702W0TS50052;2024-05-08 14:52:00.585 +0200;"7C:D9:F4:04:07:74";Attrezzo1;0,503906;42,9896956667;10,846573;108,6;2.000;;false;;"002-2002-0008-AE";0;2024-05-08 14:52:34.659 +0200
ZKDBN702W0TS50052;2024-05-08 14:55:23.250 +0200;"7C:D9:F4:04:07:74";Attrezzo1;3,55469;42,9895556667;10,846079;106,2;2.000;;false;;"002-2002-0008-AE";1;2024-05-08 14:55:46.372 +0200
ZKDBN702W0TS50052;2024-05-08 14:58:47.532 +0200;"7C:D9:F4:04:07:74";Attrezzo1;3,625;42,9895146667;10,845196;86,4;2.770;;false;;"002-2002-0008-AE";2;2024-05-08 14:59:10.604 +0200
ZKDBN702W0TS50052;2024-05-08 15:02:14.704 +0200;"7C:D9:F4:04:07:74";Attrezzo1;3,58984;42,9896046667;10,8464751667;92;2.000;;false;;"002-2002-0008-AE";3;2024-05-08 15:02:37.869 +0200
ZKDBN702W0TS50052;2024-05-08 15:05:54.231 +0200;"7C:D9:F4:04:07:74";Attrezzo1;3,55078;42,9895138333;10,8464461667;96;2.000;;false;;"002-2002-0008-AE";4;2024-05-08 15:06:05.255 +0200
ZKDBN702W0TS50052;2024-05-08 15:09:06.337 +0200;"7C:D9:F4:04:07:74";Attrezzo1;3,57422;42,989293;10,8453951667;90,2;2.770;;false;;"002-2002-0008-AE";5;2024-05-08 15:09:29.433 +0200
ZKDBN702W0TS50052;2024-05-08 15:12:30.571 +0200;"7C:D9:F4:04:07:74";Attrezzo1;3,58203;42,9892965;10,8459045;91,8;2.000;;false;;"002-2002-0008-AE";6;2024-05-08 15:12:56.711 +0200
ZKDBN702W0TS50052;2024-05-08 15:18:56.935 +0200;"7C:D9:F4:04:07:74";Attrezzo1;3,57031;42,9891558333;10,8458976667;93,7;2.780;;false;;"002-2002-0008-AE";7;2024-05-08 15:19:23.178 +0200
ZKDBN702W0TS50052;2024-05-08 15:22:24.211 +0200;"7C:D9:F4:04:07:74";Attrezzo1;0,75;42,9891228333;10,8456906667;87,2;2.780;;false;;"002-2002-0008-AE";8;2024-05-08 15:22:53.282 +0200
ZKDBN702W0TS50052;2024-05-08 15:25:54.529 +0200;"7C:D9:F4:04:07:74";Attrezzo1;3,5625;42,9891363333;10,8467075;95,2;2.780;;false;;"002-2002-0008-AE";9;2024-05-08 15:26:20.580 +0200
ZKDBN702W0TS50052;2024-05-08 15:29:24.763 +0200;"7C:D9:F4:04:07:74";Attrezzo1;7,42969;42,9889521667;10,8442363333;84,4;2.800;;false;;"002-2002-0008-AE";10;2024-05-08 15:29:44.777 +0200
ZKDBN702W0TS50052;2024-05-08 15:32:45.936 +0200;"7C:D9:F4:04:07:74";Attrezzo1;8,75781;42,9859105;10,8441815;83,5;2.780;;false;;"002-2002-0008-AE";11;2024-05-08 15:33:08.997 +0200
ZKDBN702W0TS50052;2024-05-08 15:52:48.794 +0200;"7C:D9:F4:04:07:74";Attrezzo1;4,07422;;;;2.000;;false;;"002-2002-0008-AE";0;2024-05-08 15:53:39.198 +0200
ZKDBN702W0TS50052;2024-05-09 06:51:29.471 +0200;"7C:D9:F4:04:07:74";Attrezzo1;3,04297;;;;2.570;;false;;"002-2002-0008-AE";0;2024-05-09 06:52:16.790 +0200
ZKDBN702W0TS50052;2024-05-09 06:51:42.928 +0200;"7C:D9:F4:02:F4:38";Attrezzo4;3,0625;;;;2.000;;false;;"002-2002-0008-AE";0;2024-05-09 06:52:16.790 +0200
ZKDBN702W0TS50052;2024-05-09 06:52:54.452 +0200;"7C:D9:F4:02:F4:38";Attrezzo4;0;42,9849111667;10,8455548333;106,7;2.930;;false;;"002-2002-0008-AE";1;2024-05-09 06:53:23.518 +0200
ZKDBN702W0TS50052;2024-05-09 06:52:54.781 +0200;"7C:D9:F4:04:07:74";Attrezzo1;0;42,9849111667;10,8455548333;106,7;2.570;;false;;"002-2002-0008-AE";1;2024-05-09 06:53:23.518 +0200
ZKDBN702W0TS50052;2024-05-09 06:57:52.243 +0200;"7C:D9:F4:02:F4:38";Attrezzo4;2,38281;42,9849576667;10,8455625;96,3;3.020;;false;;"002-2002-0008-AE";2;2024-05-09 06:58:44.198 +0200
ZKDBN702W0TS50052;2024-05-09 06:57:52.658 +0200;"7C:D9:F4:04:07:74";Attrezzo1;2,42969;42,9849576667;10,8455625;96,3;3.060;;false;;"002-2002-0008-AE";2;2024-05-09 06:58:44.198 +0200
ZKDBN702W0TS50052;2024-05-09 06:57:55.051 +0200;"7C:D9:F4:02:59:A6";Attrezzo5;1,73828;42,9849703333;10,8455513333;95,9;2.920;;false;;"002-2002-0008-AE";2;2024-05-09 06:58:44.198 +0200
ZKDBN702W0TS50052;2024-05-09 06:58:07.500 +0200;"7C:D9:F4:01:74:7C";Attrezzo3;0;42,9849316667;10,8454888333;101,9;2.000;;false;;"002-2002-0008-AE";2;2024-05-09 06:58:44.198 +0200
ZKDBN702W0TS50052;2024-05-09 07:52:00.830 +0200;"7C:D9:F4:04:07:74";Attrezzo1;4,53125;42,985075;10,8454541667;102,2;3.380;;false;;"002-2002-0008-AE";0;2024-05-09 07:52:41.498 +0200
ZKDBN702W0TS50052;2024-05-09 07:55:46.486 +0200;"7C:D9:F4:04:07:74";Attrezzo1;9,01953;42,9827926667;10,8430721667;73,9;2.000;;false;;"002-2002-0008-AE";1;2024-05-09 07:56:06.499 +0200
ZKDBN702W0TS50052;2024-05-09 08:02:06.739 +0200;"7C:D9:F4:04:07:74";Attrezzo1;1,67188;42,9828241667;10,842785;114,7;2.000;;false;;"002-2002-0008-AE";2;2024-05-09 08:02:32.878 +0200
ZKDBN702W0TS50052;2024-05-09 08:05:34.016 +0200;"7C:D9:F4:04:07:74";Attrezzo1;2,58203;42,9827918333;10,8429803333;81,8;2.860;;false;;"002-2002-0008-AE";3;2024-05-09 08:06:00.144 +0200
ZKDBN702W0TS50052;2024-05-09 08:09:01.266 +0200;"7C:D9:F4:04:07:74";Attrezzo1;3,625;42,9828238333;10,8434125;77,6;2.000;;false;;"002-2002-0008-AE";4;2024-05-09 08:09:27.878 +0200
ZKDBN702W0TS50052;2024-05-09 08:12:28.601 +0200;"7C:D9:F4:04:07:74";Attrezzo1;3,62891;42,9828766667;10,8437146667;80,6;2.000;;false;;"002-2002-0008-AE";5;2024-05-09 08:12:51.634 +0200
ZKDBN702W0TS50052;2024-05-09 08:15:55.881 +0200;"7C:D9:F4:04:07:74";Attrezzo1;3,625;42,9829446667;10,8438916667;82,4;2.000;;false;;"002-2002-0008-AE";6;2024-05-09 08:16:19.465 +0200
ZKDBN702W0TS50052;2024-05-09 08:19:23.265 +0200;"7C:D9:F4:04:07:74";Attrezzo1;3,60938;42,9830696667;10,843535;81,8;2.000;;false;;"002-2002-0008-AE";7;2024-05-09 08:19:46.471 +0200
ZKDBN702W0TS50052;2024-05-09 08:25:49.743 +0200;"7C:D9:F4:04:07:74";Attrezzo1;3,64453;42,9827561667;10,8448883333;80,2;2.000;;false;;"002-2002-0008-AE";8;2024-05-09 08:26:12.898 +0200
ZKDBN702W0TS50052;2024-05-09 08:28:43.600 +0200;"7C:D9:F4:04:07:74";Attrezzo1;0;42,9828798333;10,84493;89,2;2.000;;false;;"002-2002-0008-AE";9;2024-05-09 08:29:06.752 +0200
ZKDBN702W0TS50052;2024-05-09 08:29:06.712 +0200;"7C:D9:F4:04:07:74";Attrezzo1;3,65234;42,9828525;10,8448208333;76,9;2.000;;false;;"002-2002-0008-AE";10;2024-05-09 08:29:34.944 +0200
ZKDBN702W0TS50052;2024-05-09 08:32:36.092 +0200;"7C:D9:F4:04:07:74";Attrezzo1;3,61328;42,9828965;10,8454365;78,5;3.410;;false;;"002-2002-0008-AE";11;2024-05-09 08:33:02.250 +0200
ZKDBN702W0TS50052;2024-05-09 08:36:03.377 +0200;"7C:D9:F4:04:07:74";Attrezzo1;3,61328;42,9831668333;10,8434786667;80,1;3.380;;false;;"002-2002-0008-AE";12;2024-05-09 08:36:26.479 +0200
ZKDBN702W0TS50052;2024-05-09 08:39:27.626 +0200;"7C:D9:F4:04:07:74";Attrezzo1;3,61328;42,9828458333;10,8460258333;83,2;2.000;;false;;"002-2002-0008-AE";13;2024-05-09 08:39:53.823 +0200
ZKDBN702W0TS50052;2024-05-09 08:43:52.486 +0200;"7C:D9:F4:04:07:74";Attrezzo1;0;42,9831135;10,844453;78,9;3.380;;false;;"002-2002-0008-AE";14;2024-05-09 08:44:15.647 +0200
ZKDBN702W0TS50052;2024-05-09 08:44:15.618 +0200;"7C:D9:F4:04:07:74";Attrezzo1;3,05469;42,9831191667;10,844375;79,4;3.410;;false;;"002-2002-0008-AE";15;2024-05-09 08:44:37.738 +0200
ZKDBN702W0TS50052;2024-05-09 08:47:32.793 +0200;"7C:D9:F4:04:07:74";Attrezzo1;3,02734;42,9832258333;10,8436403333;80,7;3.420;;false;;"002-2002-0008-AE";16;2024-05-09 08:47:55.997 +0200
ZKDBN702W0TS50052;2024-05-09 08:51:12.269 +0200;"7C:D9:F4:04:07:74";Attrezzo1;0;42,9830448333;10,8449165;79,1;2.000;;false;;"002-2002-0008-AE";17;2024-05-09 08:51:38.364 +0200
ZKDBN702W0TS50052;2024-05-09 08:51:38.332 +0200;"7C:D9:F4:04:07:74";Attrezzo1;3,67969;42,9830166667;10,8452026667;78,8;2.000;;false;;"002-2002-0008-AE";18;2024-05-09 08:52:00.503 +0200
ZKDBN702W0TS50052;2024-05-09 09:18:11.843 +0200;"7C:D9:F4:04:07:74";Attrezzo1;1,83203;;;;2.870;;false;;"002-2002-0008-AE";0;2024-05-09 09:18:53.378 +0200
ZKDBN702W0TS50052;2024-05-09 09:21:29.820 +0200;"7C:D9:F4:04:07:74";Attrezzo1;3,00781;42,983077;10,8453948333;91,4;2.580;;false;;"002-2002-0008-AE";1;2024-05-09 09:21:49.906 +0200
ZKDBN702W0TS50052;2024-05-09 09:24:51.066 +0200;"7C:D9:F4:04:07:74";Attrezzo1;3,05078;42,9829155;10,8474571667;104,7;2.860;;false;;"002-2002-0008-AE";2;2024-05-09 09:25:17.203 +0200
ZKDBN702W0TS50052;2024-05-09 09:28:18.445 +0200;"7C:D9:F4:04:07:74";Attrezzo1;3,66016;42,9831198333;10,8463631667;91,1;2.860;;false;;"002-2002-0008-AE";3;2024-05-09 09:28:45.318 +0200
ZKDBN702W0TS50052;2024-05-09 09:31:45.728 +0200;"7C:D9:F4:04:07:74";Attrezzo1;3,67578;42,9833865;10,8438283333;69;4.260;;false;;"002-2002-0008-AE";4;2024-05-09 09:32:12.058 +0200
ZKDBN702W0TS50052;2024-05-09 09:35:34.250 +0200;"7C:D9:F4:04:07:74";Attrezzo1;0;42,9832888333;10,8445528333;78,9;4.280;;false;;"002-2002-0008-AE";5;2024-05-09 09:35:57.320 +0200
ZKDBN702W0TS50052;2024-05-09 09:39:34.894 +0200;"7C:D9:F4:04:07:74";Attrezzo1;3,02734;42,9830606667;10,846556;87,6;2.000;;false;;"002-2002-0008-AE";6;2024-05-09 09:39:57.991 +0200
ZKDBN702W0TS50052;2024-05-09 09:42:59.146 +0200;"7C:D9:F4:04:07:74";Attrezzo1;3,03125;42,9830855;10,8479095;96,4;4.280;;false;;"002-2002-0008-AE";7;2024-05-09 09:43:25.253 +0200
ZKDBN702W0TS50052;2024-05-09 09:46:26.420 +0200;"7C:D9:F4:04:07:74";Attrezzo1;3,01953;42,9832725;10,8457808333;75,5;4.260;;false;;"002-2002-0008-AE";8;2024-05-09 09:46:49.539 +0200
ZKDBN702W0TS50052;2024-05-09 09:49:50.588 +0200;"7C:D9:F4:04:07:74";Attrezzo1;3,05469;42,9834813333;10,8437435;72,2;2.000;;false;;"002-2002-0008-AE";9;2024-05-09 09:50:13.639 +0200
ZKDBN702W0TS50052;2024-05-09 09:53:14.788 +0200;"7C:D9:F4:04:07:74";Attrezzo1;3,01953;42,9832723333;10,8455443333;84,4;2.000;;false;;"002-2002-0008-AE";10;2024-05-09 09:53:37.978 +0200
ZKDBN702W0TS50052;2024-05-09 09:56:39.170 +0200;"7C:D9:F4:04:07:74";Attrezzo1;3,02344;42,9830651667;10,8476188333;93,5;2.000;;false;;"002-2002-0008-AE";11;2024-05-09 09:57:08.258 +0200
ZKDBN702W0TS50052;2024-05-09 09:58:32.204 +0200;"7C:D9:F4:04:07:74";Attrezzo1;0;42,983046;10,8481308333;83,5;2.000;;false;;"002-2002-0008-AE";12;2024-05-09 09:58:55.572 +0200
ZKDBN702W0TS50052;2024-05-09 10:03:40.092 +0200;"7C:D9:F4:04:07:74";Attrezzo1;3,02734;;;;3.220;;false;;"002-2002-0008-AE";0;2024-05-09 10:04:19.643 +0200
ZKDBN702W0TS50052;2024-05-09 10:07:00.925 +0200;"7C:D9:F4:04:07:74";Attrezzo1;3,04297;42,9832716667;10,8459611667;78,7;2.000;;false;;"002-2002-0008-AE";1;2024-05-09 10:07:27.072 +0200
ZKDBN702W0TS50052;2024-05-09 10:10:28.363 +0200;"7C:D9:F4:04:07:74";Attrezzo1;0,628906;42,9834741667;10,8438113333;61,3;2.000;;false;;"002-2002-0008-AE";2;2024-05-09 10:10:54.407 +0200
ZKDBN702W0TS50052;2024-05-09 10:13:55.530 +0200;"7C:D9:F4:04:07:74";Attrezzo1;3,03906;42,9833138333;10,8458088333;74;2.000;;false;;"002-2002-0008-AE";3;2024-05-09 10:14:18.537 +0200
ZKDBN702W0TS50052;2024-05-09 10:17:23.619 +0200;"7C:D9:F4:04:07:74";Attrezzo1;3,03125;42,9830613333;10,8479833333;82,6;2.000;;false;;"002-2002-0008-AE";4;2024-05-09 10:17:45.898 +0200
ZKDBN702W0TS50052;2024-05-09 10:20:47.031 +0200;"7C:D9:F4:04:07:74";Attrezzo1;3,04297;42,9832413333;10,8469351667;72,6;2.000;;false;;"002-2002-0008-AE";5;2024-05-09 10:21:13.098 +0200
ZKDBN702W0TS50052;2024-05-09 10:24:14.278 +0200;"7C:D9:F4:04:07:74";Attrezzo1;3,05469;42,9834483333;10,8449588333;71,5;2.000;;false;;"002-2002-0008-AE";6;2024-05-09 10:24:37.493 +0200
ZKDBN702W0TS50052;2024-05-09 10:31:02.928 +0200;"7C:D9:F4:04:07:74";Attrezzo1;3,04297;42,9832963333;10,8467088333;80,7;3.250;;false;;"002-2002-0008-AE";8;2024-05-09 10:31:29.172 +0200
ZKDBN702W0TS50052;2024-05-09 10:34:30.243 +0200;"7C:D9:F4:04:07:74";Attrezzo1;3,05078;42,983255;10,8476953333;76,8;3.230;;false;;"002-2002-0008-AE";9;2024-05-09 10:34:56.438 +0200
ZKDBN702W0TS50052;2024-05-09 10:37:57.571 +0200;"7C:D9:F4:04:07:74";Attrezzo1;3,05469;42,9834685;10,8455556667;68,5;2.000;;false;;"002-2002-0008-AE";10;2024-05-09 10:38:20.714 +0200
ZKDBN702W0TS50052;2024-05-09 10:41:21.764 +0200;"7C:D9:F4:04:07:74";Attrezzo1;1,26563;42,983628;10,8442176667;75,4;2.000;;false;;"002-2002-0008-AE";11;2024-05-09 10:41:47.888 +0200
ZKDBN702W0TS50052;2024-05-09 10:44:49.120 +0200;"7C:D9:F4:04:07:74";Attrezzo1;3,03906;42,98347;10,8458355;76,3;2.000;;false;;"002-2002-0008-AE";12;2024-05-09 10:45:15.178 +0200
ZKDBN702W0TS50052;2024-05-09 10:48:19.395 +0200;"7C:D9:F4:04:07:74";Attrezzo1;3,03125;42,9832268333;10,8480018333;87;4.240;;false;;"002-2002-0008-AE";13;2024-05-09 10:48:42.473 +0200
ZKDBN702W0TS50052;2024-05-09 10:50:09.497 +0200;"7C:D9:F4:04:07:74";Attrezzo1;0;42,9833203333;10,8481988333;85,3;3.000;;false;;"002-2002-0008-AE";14;2024-05-09 10:50:29.719 +0200
ZKDBN702W0TS50052;2024-05-09 10:50:29.597 +0200;"7C:D9:F4:04:07:74";Attrezzo1;3,03125;42,9833168333;10,8480378333;81;3.270;;false;;"002-2002-0008-AE";15;2024-05-09 10:50:51.738 +0200
ZKDBN702W0TS50052;2024-05-09 10:53:52.938 +0200;"7C:D9:F4:04:07:74";Attrezzo1;3,04297;42,9835246667;10,8459333333;69,3;3.270;;false;;"002-2002-0008-AE";16;2024-05-09 10:54:15.916 +0200
ZKDBN702W0TS50052;2024-05-09 11:00:22.486 +0200;"7C:D9:F4:04:07:74";Attrezzo1;9,08203;42,9851935;10,8453698333;100,7;2.000;;false;;"002-2002-0008-AE";17;2024-05-09 11:00:45.438 +0200
ZKDBN702W0TS50052;2024-05-09 13:00:54.321 +0200;"7C:D9:F4:04:07:74";Attrezzo1;4,57031;;;;2.840;;false;;"002-2002-0008-AE";0;2024-05-09 13:01:36.738 +0200
ZKDBN702W0TS50052;2024-05-09 13:05:02.330 +0200;"7C:D9:F4:04:07:74";Attrezzo1;0;42,9836396667;10,8443488333;75;2.000;;false;;"002-2002-0008-AE";1;2024-05-09 13:05:28.525 +0200
ZKDBN702W0TS50052;2024-05-09 13:05:28.543 +0200;"7C:D9:F4:04:07:74";Attrezzo1;3,73438;42,9836378333;10,844481;75,5;2.850;;false;;"002-2002-0008-AE";2;2024-05-09 13:05:53.753 +0200
ZKDBN702W0TS50052;2024-05-09 13:08:54.952 +0200;"7C:D9:F4:04:07:74";Attrezzo1;3,74219;42,9833651667;10,846958;51,9;2.850;;false;;"002-2002-0008-AE";3;2024-05-09 13:09:17.948 +0200
ZKDBN702W0TS50052;2024-05-09 13:12:19.157 +0200;"7C:D9:F4:04:07:74";Attrezzo1;3,73828;42,9833508333;10,8471368333;74,8;2.000;;false;;"002-2002-0008-AE";4;2024-05-09 13:12:42.128 +0200
ZKDBN702W0TS50052;2024-05-09 13:15:43.346 +0200;"7C:D9:F4:04:07:74";Attrezzo1;3,75;42,9837456667;10,8445056667;65,3;2.850;;false;;"002-2002-0008-AE";5;2024-05-09 13:16:06.616 +0200
ZKDBN702W0TS50052;2024-05-09 13:19:04.526 +0200;"7C:D9:F4:04:07:74";Attrezzo1;3,73828;42,98359;10,846364;63,1;2.000;;false;;"002-2002-0008-AE";6;2024-05-09 13:19:30.595 +0200
ZKDBN702W0TS50052;2024-05-09 13:22:31.718 +0200;"7C:D9:F4:04:07:74";Attrezzo1;3,66406;42,9834113333;10,848151;83,4;2.000;;false;;"002-2002-0008-AE";7;2024-05-09 13:22:55.028 +0200
ZKDBN702W0TS50052;2024-05-09 13:25:56.148 +0200;"7C:D9:F4:04:07:74";Attrezzo1;3,64844;42,9837023333;10,8455671667;76,7;2.000;;false;;"002-2002-0008-AE";8;2024-05-09 13:26:19.195 +0200
ZKDBN702W0TS50052;2024-05-09 13:32:58.860 +0200;"7C:D9:F4:04:07:74";Attrezzo1;3,64453;42,9834795;10,8474258333;77,3;2.000;;false;;"002-2002-0008-AE";9;2024-05-09 13:33:22.017 +0200
ZKDBN702W0TS50052;2024-05-09 13:36:26.201 +0200;"7C:D9:F4:04:07:74";Attrezzo1;3,64844;42,9836835;10,8467578333;81,7;2.000;;false;;"002-2002-0008-AE";10;2024-05-09 13:36:49.279 +0200
ZKDBN702W0TS50052;2024-05-09 13:39:50.414 +0200;"7C:D9:F4:04:07:74";Attrezzo1;3,64063;42,983772;10,846053;77,5;2.000;;false;;"002-2002-0008-AE";11;2024-05-09 13:40:13.493 +0200
ZKDBN702W0TS50052;2024-05-09 13:43:14.609 +0200;"7C:D9:F4:04:07:74";Attrezzo1;2,44922;42,9835406667;10,8484661667;80,9;2.850;;false;;"002-2002-0008-AE";12;2024-05-09 13:43:37.663 +0200
ZKDBN702W0TS50052;2024-05-09 13:46:20.619 +0200;"7C:D9:F4:04:07:74";Attrezzo1;3,64844;42,9837836667;10,8464321667;79,6;2.000;;false;;"002-2002-0008-AE";13;2024-05-09 13:46:43.854 +0200
ZKDBN702W0TS50052;2024-05-09 13:49:44.990 +0200;"7C:D9:F4:04:07:74";Attrezzo1;3,66016;42,9837586667;10,8467925;74,3;2.940;;false;;"002-2002-0008-AE";14;2024-05-09 13:50:11.039 +0200
ZKDBN702W0TS50052;2024-05-09 13:53:12.222 +0200;"7C:D9:F4:04:07:74";Attrezzo1;3,65234;42,9836861667;10,8478316667;80,5;2.000;;false;;"002-2002-0008-AE";15;2024-05-09 13:53:35.319 +0200
ZKDBN702W0TS50052;2024-05-09 13:56:36.579 +0200;"7C:D9:F4:04:07:74";Attrezzo1;0,546875;42,9839686667;10,8457696667;67,8;2.940;;false;;"002-2002-0008-AE";16;2024-05-09 13:56:59.507 +0200
ZKDBN702W0TS50052;2024-05-09 14:00:00.694 +0200;"7C:D9:F4:04:07:74";Attrezzo1;3,64063;42,9837436667;10,8481895;70,2;2.000;;false;;"002-2002-0008-AE";17;2024-05-09 14:00:23.777 +0200
ZKDBN702W0TS50052;2024-05-09 14:03:27.956 +0200;"7C:D9:F4:04:07:74";Attrezzo1;3,65234;42,9838673333;10,8471108333;74,4;2.880;;false;;"002-2002-0008-AE";18;2024-05-09 14:03:48.076 +0200
ZKDBN702W0TS50052;2024-05-09 14:06:49.179 +0200;"7C:D9:F4:04:07:74";Attrezzo1;3,01172;42,9840036667;10,8461608333;61,2;2.900;;false;;"002-2002-0008-AE";19;2024-05-09 14:07:15.522 +0200
ZKDBN702W0TS50052;2024-05-09 14:10:16.674 +0200;"7C:D9:F4:04:07:74";Attrezzo1;3,00781;42,9837963333;10,8482461667;63,3;2.850;;false;;"002-2002-0008-AE";20;2024-05-09 14:10:39.658 +0200
ZKDBN702W0TS50052;2024-05-09 14:13:40.785 +0200;"7C:D9:F4:04:07:74";Attrezzo1;3,02734;42,9839546667;10,8471991667;94;2.000;;false;;"002-2002-0008-AE";21;2024-05-09 14:14:04.049 +0200
ZKDBN702W0TS50052;2024-05-09 14:17:05.156 +0200;"7C:D9:F4:04:07:74";Attrezzo1;3,03906;42,9840025;10,8467506667;75,2;2.810;;false;;"002-2002-0008-AE";22;2024-05-09 14:17:28.198 +0200
ZKDBN702W0TS50052;2024-05-09 14:20:29.295 +0200;"7C:D9:F4:04:07:74";Attrezzo1;3,66016;42,9838808333;10,8484331667;79,5;2.910;;false;;"002-2002-0008-AE";23;2024-05-09 14:20:52.368 +0200
ZKDBN702W0TS50052;2024-05-09 14:23:56.593 +0200;"7C:D9:F4:04:07:74";Attrezzo1;3,67188;42,9839161667;10,8488435;75,1;2.910;;false;;"002-2002-0008-AE";24;2024-05-09 14:24:16.537 +0200
ZKDBN702W0TS50052;2024-05-09 14:27:17.715 +0200;"7C:D9:F4:04:07:74";Attrezzo1;3,63281;42,9841175;10,848019;65,4;2.000;;false;;"002-2002-0008-AE";25;2024-05-09 14:27:40.791 +0200
ZKDBN702W0TS50052;2024-05-09 14:30:41.885 +0200;"7C:D9:F4:04:07:74";Attrezzo1;2,5625;42,9841226667;10,8477311667;69,4;2.000;;false;;"002-2002-0008-AE";26;2024-05-09 14:31:08.032 +0200
ZKDBN702W0TS50052;2024-05-09 14:34:09.183 +0200;"7C:D9:F4:04:07:74";Attrezzo1;3,64844;42,9841511667;10,8483578333;76,7;2.000;;false;;"002-2002-0008-AE";27;2024-05-09 14:34:35.278 +0200
ZKDBN702W0TS50052;2024-05-09 14:37:36.420 +0200;"7C:D9:F4:04:07:74";Attrezzo1;3,66406;42,9842023333;10,8487321667;75,8;2.900;;false;;"002-2002-0008-AE";28;2024-05-09 14:38:05.558 +0200
ZKDBN702W0TS50052;2024-05-09 14:41:10.881 +0200;"7C:D9:F4:04:07:74";Attrezzo1;3,68359;42,9842681667;10,8489411667;89,6;2.000;;false;;"002-2002-0008-AE";29;2024-05-09 14:41:35.895 +0200
ZKDBN702W0TS50052;2024-05-09 14:45:22.548 +0200;"7C:D9:F4:04:07:74";Attrezzo1;0;42,9841395;10,849091;92,3;3.020;;false;;"002-2002-0008-AE";30;2024-05-09 14:45:45.716 +0200
ZKDBN702W0TS50052;2024-05-09 14:48:58.988 +0200;"7C:D9:F4:04:07:74";Attrezzo1;3,58984;42,9842281667;10,8491066667;85,2;2.810;;false;;"002-2002-0008-AE";31;2024-05-09 14:49:22.058 +0200
ZKDBN702W0TS50052;2024-05-09 14:52:53.657 +0200;"7C:D9:F4:04:07:74";Attrezzo1;0,695313;42,9843056667;10,8491916667;83,6;2.930;;false;;"002-2002-0008-AE";32;2024-05-09 14:53:19.614 +0200
ZKDBN702W0TS50052;2024-05-09 14:56:20.839 +0200;"7C:D9:F4:04:07:74";Attrezzo1;3,63281;42,9845011667;10,8490323333;77,4;2.040;;false;;"002-2002-0008-AE";33;2024-05-09 14:56:43.971 +0200
ZKDBN702W0TS50052;2024-05-09 14:59:45.081 +0200;"7C:D9:F4:04:07:74";Attrezzo1;3,00391;42,9846523333;10,8485236667;81,5;2.000;;false;;"002-2002-0008-AE";34;2024-05-09 15:00:08.109 +0200
ZKDBN702W0TS50052;2024-05-09 15:03:09.243 +0200;"7C:D9:F4:04:07:74";Attrezzo1;2,50781;42,9846886667;10,8487606667;77,5;2.940;;false;;"002-2002-0008-AE";35;2024-05-09 15:03:35.410 +0200
ZKDBN702W0TS50052;2024-05-09 15:10:14.557 +0200;"7C:D9:F4:04:07:74";Attrezzo1;7,16797;;;;2.000;;false;;"002-2002-0008-AE";0;2024-05-09 15:10:53.102 +0200
ZKDBN702W0TS50052;2024-05-09 15:34:05.178 +0200;"7C:D9:F4:04:07:74";Attrezzo1;10,3555;;;;2.000;;false;;"002-2002-0008-AE";0;2024-05-09 15:34:54.558 +0200
ZKDBN702W0TS50052;2024-05-09 15:35:59.518 +0200;"7C:D9:F4:04:07:74";Attrezzo1;0;42,9852118333;10,8432801667;97,2;3.870;;false;;"002-2002-0008-AE";1;2024-05-09 15:36:22.575 +0200
ZKDBN702W0TS50052;2024-05-09 15:37:01.108 +0200;"7C:D9:F4:04:07:74";Attrezzo1;0,914063;42,9852238333;10,8432953333;90,4;2.000;;false;;"002-2002-0008-AE";2;2024-05-09 15:37:24.066 +0200
ZKDBN702W0TS50052;2024-05-09 15:38:14.740 +0200;"7C:D9:F4:04:07:74";Attrezzo1;0;42,9852356667;10,8432188333;83,3;3.860;;false;;"002-2002-0008-AE";3;2024-05-09 15:38:40.718 +0200
ZKDBN702W0TS50052;2024-05-09 15:38:16.751 +0200;"7C:D9:F4:02:59:A6";Attrezzo5;0;42,9852348333;10,8432133333;82,7;2.810;;false;;"002-2002-0008-AE";3;2024-05-09 15:38:40.718 +0200
ZKDBN702W0TS50052;2024-05-09 15:43:49.598 +0200;"7C:D9:F4:04:07:74";Attrezzo1;3,46875;42,9852115;10,8431976667;68,9;2.000;;false;;"002-2002-0008-AE";4;2024-05-09 15:44:25.310 +0200
ZKDBN702W0TS50052;2024-05-11 06:54:06.189 +0200;"7C:D9:F4:04:07:74";Attrezzo1;4,60156;;;;2.000;;false;;"002-2002-0008-AE";0;2024-05-11 06:54:49.739 +0200
ZKDBN702W0TS50052;2024-05-11 06:55:17.004 +0200;"7C:D9:F4:04:07:74";Attrezzo1;0;42,9849395;10,8455303333;108,2;2.000;;false;;"002-2002-0008-AE";1;2024-05-11 06:55:58.116 +0200
ZKDBN702W0TS50052;2024-05-11 06:55:33.688 +0200;"7C:D9:F4:01:74:7C";Attrezzo3;0;42,9849418333;10,8455365;106,3;4.280;;false;;"002-2002-0008-AE";1;2024-05-11 06:55:58.116 +0200
ZKDBN702W0TS50052;2024-05-11 07:00:48.561 +0200;"7C:D9:F4:04:07:74";Attrezzo1;1,63672;42,9849723333;10,8455621667;101,6;2.970;;false;;"002-2002-0008-AE";2;2024-05-11 07:01:14.875 +0200
ZKDBN702W0TS50052;2024-05-11 07:04:15.850 +0200;"7C:D9:F4:04:07:74";Attrezzo1;8,48828;42,9836188333;10,8437571667;73,3;4.280;;false;;"002-2002-0008-AE";3;2024-05-11 07:04:44.939 +0200
ZKDBN702W0TS50052;2024-05-11 07:08:31.647 +0200;"7C:D9:F4:04:07:74";Attrezzo1;0,09375;42,9846503333;10,8491043333;88,8;4.280;;false;;"002-2002-0008-AE";4;2024-05-11 07:08:51.654 +0200
ZKDBN702W0TS50052;2024-05-11 07:08:51.594 +0200;"7C:D9:F4:04:07:74";Attrezzo1;2,98438;42,9846565;10,8491993333;87,4;4.280;;false;;"002-2002-0008-AE";5;2024-05-11 07:09:19.887 +0200
ZKDBN702W0TS50052;2024-05-11 07:12:21.172 +0200;"7C:D9:F4:04:07:74";Attrezzo1;2,99219;42,9847985;10,8491926667;81,7;4.290;;false;;"002-2002-0008-AE";6;2024-05-11 07:12:44.099 +0200
ZKDBN702W0TS50052;2024-05-11 07:15:48.297 +0200;"7C:D9:F4:04:07:74";Attrezzo1;3,64844;42,9849086667;10,8492685;69,7;4.280;;false;;"002-2002-0008-AE";7;2024-05-11 07:16:08.318 +0200
ZKDBN702W0TS50052;2024-05-11 07:19:09.465 +0200;"7C:D9:F4:04:07:74";Attrezzo1;3,65234;42,984995;10,8500006667;91;2.000;;false;;"002-2002-0008-AE";8;2024-05-11 07:19:32.566 +0200
ZKDBN702W0TS50052;2024-05-11 07:22:33.669 +0200;"7C:D9:F4:04:07:74";Attrezzo1;3,63281;42,9850548333;10,8498423333;96,3;2.000;;false;;"002-2002-0008-AE";9;2024-05-11 07:23:02.892 +0200
ZKDBN702W0TS50052;2024-05-11 07:26:04.079 +0200;"7C:D9:F4:04:07:74";Attrezzo1;2,39063;42,9849343333;10,8488463333;79;2.000;;false;;"002-2002-0008-AE";10;2024-05-11 07:26:30.098 +0200
ZKDBN702W0TS50052;2024-05-11 07:29:31.218 +0200;"7C:D9:F4:04:07:74";Attrezzo1;3,02344;42,9852803333;10,8505045;91,4;2.000;;false;;"002-2002-0008-AE";11;2024-05-11 07:29:54.262 +0200
ZKDBN702W0TS50052;2024-05-11 07:32:55.426 +0200;"7C:D9:F4:04:07:74";Attrezzo1;3,00781;42,9851343333;10,849356;86,6;2.000;;false;;"002-2002-0008-AE";12;2024-05-11 07:33:21.577 +0200
ZKDBN702W0TS50052;2024-05-11 07:36:25.725 +0200;"7C:D9:F4:04:07:74";Attrezzo1;3,02344;42,9852658333;10,8497263333;83,9;2.000;;false;;"002-2002-0008-AE";13;2024-05-11 07:36:45.838 +0200
ZKDBN702W0TS50052;2024-05-11 07:39:46.914 +0200;"7C:D9:F4:04:07:74";Attrezzo1;3,01953;42,9853378333;10,8503218333;88,8;2.000;;false;;"002-2002-0008-AE";14;2024-05-11 07:40:16.021 +0200
ZKDBN702W0TS50052;2024-05-11 07:43:17.153 +0200;"7C:D9:F4:04:07:74";Attrezzo1;3,01172;42,98538;10,8497561667;96,8;2.000;;false;;"002-2002-0008-AE";15;2024-05-11 07:43:43.323 +0200
ZKDBN702W0TS50052;2024-05-11 07:46:44.507 +0200;"7C:D9:F4:04:07:74";Attrezzo1;1,45703;42,9853985;10,849285;88,8;2.000;;false;;"002-2002-0008-AE";16;2024-05-11 07:47:13.605 +0200
ZKDBN702W0TS50052;2024-05-11 07:50:14.720 +0200;"7C:D9:F4:04:07:74";Attrezzo1;3,01172;42,985435;10,8493996667;74,2;4.330;;false;;"002-2002-0008-AE";17;2024-05-11 07:50:40.878 +0200
ZKDBN702W0TS50052;2024-05-11 07:53:42.047 +0200;"7C:D9:F4:04:07:74";Attrezzo1;2,37891;42,9856713333;10,8503156667;64,2;4.340;;false;;"002-2002-0008-AE";18;2024-05-11 07:54:05.058 +0200
ZKDBN702W0TS50052;2024-05-11 07:54:49.389 +0200;"7C:D9:F4:04:07:74";Attrezzo1;0;42,985595;10,8502328333;85,4;2.000;;false;;"002-2002-0008-AE";19;2024-05-11 07:55:06.589 +0200
ZKDBN702W0TS50052;2024-05-11 07:55:45.104 +0200;"7C:D9:F4:04:07:74";Attrezzo1;1,79688;42,9856086667;10,8502031667;88,1;4.280;;false;;"002-2002-0008-AE";20;2024-05-11 07:56:08.287 +0200
ZKDBN702W0TS50052;2024-05-11 07:57:04.792 +0200;"7C:D9:F4:04:07:74";Attrezzo1;0;42,9856353333;10,8501403333;86,7;2.000;;false;;"002-2002-0008-AE";21;2024-05-11 07:57:27.884 +0200
ZKDBN702W0TS50052;2024-05-11 07:57:42.105 +0200;"7C:D9:F4:04:07:74";Attrezzo1;0,554688;42,9856336667;10,8501396667;89,1;4.340;;false;;"002-2002-0008-AE";22;2024-05-11 07:58:05.188 +0200
ZKDBN702W0TS50052;2024-05-11 08:01:06.338 +0200;"7C:D9:F4:04:07:74";Attrezzo1;0,910156;42,9857086667;10,8501746667;72,3;4.350;;false;;"002-2002-0008-AE";23;2024-05-11 08:01:29.598 +0200
ZKDBN702W0TS50052;2024-05-11 08:04:09.329 +0200;"7C:D9:F4:04:07:74";Attrezzo1;2,48047;42,9857095;10,8495058333;70,6;4.350;;false;;"002-2002-0008-AE";24;2024-05-11 08:04:32.395 +0200
ZKDBN702W0TS50052;2024-05-11 08:10:22.772 +0200;"7C:D9:F4:04:07:74";Attrezzo1;2,98438;;;;2.000;;false;;"002-2002-0008-AE";0;2024-05-11 08:11:06.302 +0200
ZKDBN702W0TS50052;2024-05-11 08:13:47.682 +0200;"7C:D9:F4:04:07:74";Attrezzo1;3,00391;42,9858935;10,849317;76,7;2.000;;false;;"002-2002-0008-AE";1;2024-05-11 08:14:13.941 +0200
ZKDBN702W0TS50052;2024-05-11 08:17:17.999 +0200;"7C:D9:F4:04:07:74";Attrezzo1;2,98438;42,9859873333;10,8496325;70,5;2.000;;false;;"002-2002-0008-AE";2;2024-05-11 08:17:41.183 +0200
ZKDBN702W0TS50052;2024-05-11 08:20:33.294 +0200;"7C:D9:F4:04:07:74";Attrezzo1;9,25781;42,9851555;10,8458208333;87,4;2.000;;false;;"002-2002-0008-AE";3;2024-05-11 08:21:17.438 +0200
ZKDBN702W0TS50052;2024-05-11 08:47:23.915 +0200;"7C:D9:F4:04:07:74";Attrezzo1;7,51172;;;;2.980;;false;;"002-2002-0008-AE";0;2024-05-11 08:48:06.395 +0200
ZKDBN702W0TS50052;2024-05-11 08:50:46.809 +0200;"7C:D9:F4:04:07:74";Attrezzo1;6,92969;42,9837281667;10,8435738333;67,9;2.000;;false;;"002-2002-0008-AE";1;2024-05-11 08:51:12.908 +0200
ZKDBN702W0TS50052;2024-05-11 08:54:14.061 +0200;"7C:D9:F4:04:07:74";Attrezzo1;7,27734;42,9841348333;10,8478143333;73,2;3.890;;false;;"002-2002-0008-AE";2;2024-05-11 08:54:40.258 +0200
ZKDBN702W0TS50052;2024-05-11 08:57:41.323 +0200;"7C:D9:F4:04:07:74";Attrezzo1;3,00781;42,9860016667;10,8499375;85;2.000;;false;;"002-2002-0008-AE";3;2024-05-11 08:58:07.462 +0200
ZKDBN702W0TS50052;2024-05-11 09:01:08.610 +0200;"7C:D9:F4:04:07:74";Attrezzo1;2,12891;42,9858765;10,8492036667;94,9;2.000;;false;;"002-2002-0008-AE";4;2024-05-11 09:01:31.753 +0200
ZKDBN702W0TS50052;2024-05-11 09:04:32.791 +0200;"7C:D9:F4:04:07:74";Attrezzo1;2,99219;42,9857475;10,8495356667;94,6;3.890;;false;;"002-2002-0008-AE";5;2024-05-11 09:04:55.857 +0200
ZKDBN702W0TS50052;2024-05-11 09:07:57.004 +0200;"7C:D9:F4:04:07:74";Attrezzo1;3;42,9855945;10,8496751667;91,9;2.000;;false;;"002-2002-0008-AE";6;2024-05-11 09:08:23.158 +0200
ZKDBN702W0TS50052;2024-05-11 09:11:24.228 +0200;"7C:D9:F4:04:07:74";Attrezzo1;3,01172;42,9856628333;10,8502676667;87,6;2.000;;false;;"002-2002-0008-AE";7;2024-05-11 09:11:47.333 +0200
ZKDBN702W0TS50052;2024-05-11 09:14:33.238 +0200;"7C:D9:F4:04:07:74";Attrezzo1;2,96875;42,9856628333;10,8502676667;87,6;3.890;;false;;"002-2002-0008-AE";8;2024-05-11 09:14:59.409 +0200
ZKDBN702W0TS50052;2024-05-11 09:18:00.582 +0200;"7C:D9:F4:04:07:74";Attrezzo1;2,99219;42,9854318333;10,8496471667;79,7;3.910;;false;;"002-2002-0008-AE";9;2024-05-11 09:18:26.723 +0200
ZKDBN702W0TS50052;2024-05-11 09:21:27.780 +0200;"7C:D9:F4:04:07:74";Attrezzo1;2,98047;42,9853413333;10,850351;78,6;3.910;;false;;"002-2002-0008-AE";10;2024-05-11 09:21:50.906 +0200
ZKDBN702W0TS50052;2024-05-11 09:24:52.019 +0200;"7C:D9:F4:04:07:74";Attrezzo1;2,97266;42,9852993333;10,850273;75,5;2.850;;false;;"002-2002-0008-AE";11;2024-05-11 09:25:15.012 +0200
ZKDBN702W0TS50052;2024-05-11 09:28:16.195 +0200;"7C:D9:F4:04:07:74";Attrezzo1;2,96094;42,9854851667;10,8503538333;76,9;3.900;;false;;"002-2002-0008-AE";12;2024-05-11 09:28:42.397 +0200
ZKDBN702W0TS50052;2024-05-11 09:31:43.436 +0200;"7C:D9:F4:04:07:74";Attrezzo1;2,98438;42,9854851667;10,8503538333;76,9;2.000;;false;;"002-2002-0008-AE";13;2024-05-11 09:32:06.558 +0200
ZKDBN702W0TS50052;2024-05-11 09:35:07.632 +0200;"7C:D9:F4:04:07:74";Attrezzo1;2,98047;42,9854851667;10,8503538333;76,9;2.000;;false;;"002-2002-0008-AE";14;2024-05-11 09:35:33.784 +0200
ZKDBN702W0TS50052;2024-05-11 09:38:37.943 +0200;"7C:D9:F4:04:07:74";Attrezzo1;2,98438;42,9854851667;10,8503538333;76,9;2.000;;false;;"002-2002-0008-AE";15;2024-05-11 09:38:57.967 +0200
ZKDBN702W0TS50052;2024-05-11 09:41:59.086 +0200;"7C:D9:F4:04:07:74";Attrezzo1;2,98047;42,9854851667;10,8503538333;76,9;2.000;;false;;"002-2002-0008-AE";16;2024-05-11 09:42:22.422 +0200
ZKDBN702W0TS50052;2024-05-11 09:45:23.483 +0200;"7C:D9:F4:04:07:74";Attrezzo1;3,00781;42,9854851667;10,8503538333;76,9;2.000;;false;;"002-2002-0008-AE";17;2024-05-11 09:45:46.618 +0200
ZKDBN702W0TS50052;2024-05-11 09:48:38.639 +0200;"7C:D9:F4:04:07:74";Attrezzo1;1,10938;42,9854851667;10,8503538333;76,9;2.980;;false;;"002-2002-0008-AE";18;2024-05-11 09:49:04.726 +0200
ZKDBN702W0TS50052;2024-05-11 09:52:05.864 +0200;"7C:D9:F4:04:07:74";Attrezzo1;2,96875;42,9854851667;10,8503538333;76,9;3.930;;false;;"002-2002-0008-AE";19;2024-05-11 09:52:28.921 +0200
ZKDBN702W0TS50052;2024-05-11 09:55:30.053 +0200;"7C:D9:F4:04:07:74";Attrezzo1;2,98438;42,9854851667;10,8503538333;76,9;2.000;;false;;"002-2002-0008-AE";20;2024-05-11 09:55:56.253 +0200
ZKDBN702W0TS50052;2024-05-11 10:02:05.495 +0200;"7C:D9:F4:04:07:74";Attrezzo1;0,347656;42,9854851667;10,8503538333;76,9;3.940;;false;;"002-2002-0008-AE";21;2024-05-11 10:02:31.711 +0200
ZKDBN702W0TS50052;2024-05-11 10:04:59.384 +0200;"7C:D9:F4:04:07:74";Attrezzo1;0;42,9854851667;10,8503538333;76,9;3.940;;false;;"002-2002-0008-AE";22;2024-05-11 10:05:28.518 +0200
ZKDBN702W0TS50052;2024-05-11 10:08:29.648 +0200;"7C:D9:F4:04:07:74";Attrezzo1;1,59766;42,9854851667;10,8503538333;76,9;2.000;;false;;"002-2002-0008-AE";23;2024-05-11 10:08:49.709 +0200
ZKDBN702W0TS50052;2024-05-11 10:11:50.886 +0200;"7C:D9:F4:04:07:74";Attrezzo1;3,04297;42,9854851667;10,8503538333;76,9;3.950;;false;;"002-2002-0008-AE";24;2024-05-11 10:12:13.879 +0200
ZKDBN702W0TS50052;2024-05-11 10:15:15.035 +0200;"7C:D9:F4:04:07:74";Attrezzo1;3,03906;42,9854851667;10,8503538333;76,9;2.850;;false;;"002-2002-0008-AE";25;2024-05-11 10:15:38.106 +0200
ZKDBN702W0TS50052;2024-05-11 10:18:39.204 +0200;"7C:D9:F4:04:07:74";Attrezzo1;8,73047;42,9854851667;10,8503538333;76,9;2.000;;false;;"002-2002-0008-AE";26;2024-05-11 10:19:05.324 +0200
ZKDBN702W0TS50052;2024-05-11 10:22:06.550 +0200;"7C:D9:F4:04:07:74";Attrezzo1;7,64844;42,9839246667;10,8462171667;76,9;3.940;;false;;"002-2002-0008-AE";27;2024-05-11 10:22:29.604 +0200
ZKDBN702W0TS50052;2024-05-11 10:23:38.392 +0200;"7C:D9:F4:04:07:74";Attrezzo1;0;42,9839246667;10,8462171667;76,9;2.000;;false;;"002-2002-0008-AE";28;2024-05-11 10:24:01.459 +0200
ZKDBN702W0TS50052;2024-05-11 10:24:01.742 +0200;"7C:D9:F4:04:07:74";Attrezzo1;7,02734;42,9839246667;10,8462171667;76,9;3.950;;false;;"002-2002-0008-AE";29;2024-05-11 10:24:52.722 +0200
ZKDBN702W0TS50052;2024-05-11 10:26:33.066 +0200;"7C:D9:F4:04:07:74";Attrezzo1;0;42,9839246667;10,8462171667;76,9;2.000;;false;;"002-2002-0008-AE";30;2024-05-11 10:26:59.237 +0200
ZKDBN702W0TS50052;2024-05-11 10:46:11.872 +0200;"7C:D9:F4:04:07:74";Attrezzo1;6,62891;;;;3.730;;false;;"002-2002-0008-AE";0;2024-05-11 10:46:52.103 +0200
ZKDBN702W0TS50052;2024-05-11 10:49:54.263 +0200;"7C:D9:F4:04:07:74";Attrezzo1;3,03125;42,9856615;10,8469198333;83,9;2.000;;false;;"002-2002-0008-AE";1;2024-05-11 10:50:17.361 +0200
ZKDBN702W0TS50052;2024-05-11 10:53:18.389 +0200;"7C:D9:F4:04:07:74";Attrezzo1;3,05469;42,9853736667;10,8449608333;82,6;2.000;;false;;"002-2002-0008-AE";2;2024-05-11 10:53:41.458 +0200
ZKDBN702W0TS50052;2024-05-11 10:56:42.640 +0200;"7C:D9:F4:04:07:74";Attrezzo1;2,53125;42,9852656667;10,8432483333;60;2.040;;false;;"002-2002-0008-AE";3;2024-05-11 10:57:08.711 +0200
ZKDBN702W0TS50052;2024-05-11 11:00:09.881 +0200;"7C:D9:F4:04:07:74";Attrezzo1;3,00781;42,9854291667;10,8453066667;87,4;2.000;;false;;"002-2002-0008-AE";4;2024-05-11 11:00:33.132 +0200
ZKDBN702W0TS50052;2024-05-11 11:03:34.135 +0200;"7C:D9:F4:04:07:74";Attrezzo1;3,02344;42,9858193333;10,847164;94,9;3.750;;false;;"002-2002-0008-AE";5;2024-05-11 11:04:00.179 +0200
ZKDBN702W0TS50052;2024-05-11 11:07:01.327 +0200;"7C:D9:F4:04:07:74";Attrezzo1;3,02344;42,9855626667;10,8463583333;99,1;2.000;;false;;"002-2002-0008-AE";6;2024-05-11 11:07:24.371 +0200
ZKDBN702W0TS50052;2024-05-11 11:10:25.500 +0200;"7C:D9:F4:04:07:74";Attrezzo1;3,02734;42,9853748333;10,8443306667;88,9;2.000;;false;;"002-2002-0008-AE";7;2024-05-11 11:10:54.659 +0200
ZKDBN702W0TS50052;2024-05-11 11:13:58.836 +0200;"7C:D9:F4:04:07:74";Attrezzo1;3,01953;42,985388;10,8443401667;87;3.730;;false;;"002-2002-0008-AE";8;2024-05-11 11:14:18.909 +0200
ZKDBN702W0TS50052;2024-05-11 11:17:20.036 +0200;"7C:D9:F4:04:07:74";Attrezzo1;3,05078;42,9856525;10,846263;96;3.750;;false;;"002-2002-0008-AE";9;2024-05-11 11:17:46.167 +0200
ZKDBN702W0TS50052;2024-05-11 11:20:47.334 +0200;"7C:D9:F4:04:07:74";Attrezzo1;2,55078;42,9862506667;10,8481453333;100,5;3.730;;false;;"002-2002-0008-AE";10;2024-05-11 11:21:13.440 +0200
ZKDBN702W0TS50052;2024-05-11 11:24:14.538 +0200;"7C:D9:F4:04:07:74";Attrezzo1;3,03125;42,9855685;10,8460251667;94,9;3.770;;false;;"002-2002-0008-AE";11;2024-05-11 11:24:40.680 +0200
ZKDBN702W0TS50052;2024-05-11 11:27:41.800 +0200;"7C:D9:F4:04:07:74";Attrezzo1;3,01953;42,9854606667;10,8439698333;89,5;3.760;;false;;"002-2002-0008-AE";12;2024-05-11 11:28:04.931 +0200
ZKDBN702W0TS50052;2024-05-11 11:31:06.017 +0200;"7C:D9:F4:04:07:74";Attrezzo1;3,03125;42,9854755;10,8445721667;86,3;3.760;;false;;"002-2002-0008-AE";13;2024-05-11 11:31:32.191 +0200
ZKDBN702W0TS50052;2024-05-11 11:34:33.280 +0200;"7C:D9:F4:04:07:74";Attrezzo1;3,03125;42,985671;10,8465993333;91,7;2.000;;false;;"002-2002-0008-AE";14;2024-05-11 11:34:59.387 +0200
ZKDBN702W0TS50052;2024-05-11 11:38:00.566 +0200;"7C:D9:F4:04:07:74";Attrezzo1;3,0625;42,9863588333;10,8484743333;60,5;2.000;;false;;"002-2002-0008-AE";15;2024-05-11 11:38:23.589 +0200
ZKDBN702W0TS50052;2024-05-11 11:41:24.741 +0200;"7C:D9:F4:04:07:74";Attrezzo1;3,02734;42,9858291667;10,8466795;85,8;2.000;;false;;"002-2002-0008-AE";16;2024-05-11 11:41:50.913 +0200
ZKDBN702W0TS50052;2024-05-11 11:44:55.096 +0200;"7C:D9:F4:04:07:74";Attrezzo1;3,05469;42,9857398333;10,8472711667;90,9;2.000;;false;;"002-2002-0008-AE";17;2024-05-11 11:45:18.139 +0200
ZKDBN702W0TS50052;2024-05-13 06:52:26.331 +0200;"7C:D9:F4:04:07:74";Attrezzo1;0;;;;4.300;;false;;"002-2002-0008-AE";1;2024-05-13 06:53:00.157 +0200
ZKDBN702W0TS50052;2024-05-13 06:54:28.650 +0200;"7C:D9:F4:04:07:74";Attrezzo1;3,78906;42,984987;10,8455045;96,6;2.000;;false;;"002-2002-0008-AE";2;2024-05-13 06:55:06.848 +0200
ZKDBN702W0TS50052;2024-05-13 06:54:43.853 +0200;"7C:D9:F4:01:74:7C";Attrezzo3;0,0234375;42,9849508333;10,845357;98,5;3.020;;false;;"002-2002-0008-AE";2;2024-05-13 06:55:06.848 +0200
ZKDBN702W0TS50052;2024-05-13 07:39:49.949 +0200;"7C:D9:F4:04:07:74";Attrezzo1;6,36719;;;;3.410;;false;;"002-2002-0008-AE";0;2024-05-13 07:40:52.831 +0200
ZKDBN702W0TS50052;2024-05-13 07:43:55.622 +0200;"7C:D9:F4:04:07:74";Attrezzo1;3;;;;2.000;;false;;"002-2002-0008-AE";1;2024-05-13 07:44:18.665 +0200
ZKDBN702W0TS50052;2024-05-13 07:47:19.794 +0200;"7C:D9:F4:04:07:74";Attrezzo1;3,00781;;;;3.410;;false;;"002-2002-0008-AE";2;2024-05-13 07:47:42.856 +0200
ZKDBN702W0TS50052;2024-05-13 07:50:44.043 +0200;"7C:D9:F4:04:07:74";Attrezzo1;3,02344;;;;3.410;;false;;"002-2002-0008-AE";3;2024-05-13 07:51:07.139 +0200
ZKDBN702W0TS50052;2024-05-13 07:54:08.263 +0200;"7C:D9:F4:04:07:74";Attrezzo1;3,02734;42,985349;10,84483;185,9;2.000;;false;;"002-2002-0008-AE";4;2024-05-13 07:54:37.500 +0200
ZKDBN702W0TS50052;2024-05-13 07:56:40.933 +0200;"7C:D9:F4:04:07:74";Attrezzo1;0;42,9852143333;10,8443105;196,4;2.000;;false;;"002-2002-0008-AE";5;2024-05-13 07:57:04.018 +0200
ZKDBN702W0TS50052;2024-05-13 07:57:04.055 +0200;"7C:D9:F4:04:07:74";Attrezzo1;0,578125;42,9852143333;10,8443105;196,4;2.000;;false;;"002-2002-0008-AE";6;2024-05-13 07:57:29.123 +0200
ZKDBN702W0TS50052;2024-05-13 08:00:30.245 +0200;"7C:D9:F4:04:07:74";Attrezzo1;3;42,985804;10,845365;41,6;2.000;;false;;"002-2002-0008-AE";7;2024-05-13 08:00:59.418 +0200
ZKDBN702W0TS50052;2024-05-13 08:04:00.512 +0200;"7C:D9:F4:04:07:74";Attrezzo1;3,01172;42,9860101667;10,8467063333;57,4;2.000;;false;;"002-2002-0008-AE";8;2024-05-13 08:04:26.665 +0200
ZKDBN702W0TS50052;2024-05-13 08:07:27.831 +0200;"7C:D9:F4:04:07:74";Attrezzo1;3,02734;42,986596;10,8484695;81,7;2.000;;false;;"002-2002-0008-AE";9;2024-05-13 08:07:50.938 +0200
ZKDBN702W0TS50052;2024-05-13 08:10:52.057 +0200;"7C:D9:F4:04:07:74";Attrezzo1;3,01172;42,9860541667;10,846516;108,2;3.440;;false;;"002-2002-0008-AE";10;2024-05-13 08:11:15.099 +0200
ZKDBN702W0TS50052;2024-05-13 08:14:16.175 +0200;"7C:D9:F4:04:07:74";Attrezzo1;3,02734;42,9861448333;10,8472718333;104,7;3.430;;false;;"002-2002-0008-AE";11;2024-05-13 08:14:39.226 +0200
ZKDBN702W0TS50052;2024-05-13 08:17:40.362 +0200;"7C:D9:F4:04:07:74";Attrezzo1;3,66016;42,9861898333;10,8480825;102,9;3.440;;false;;"002-2002-0008-AE";12;2024-05-13 08:18:09.498 +0200
ZKDBN702W0TS50052;2024-05-13 08:21:10.784 +0200;"7C:D9:F4:04:07:74";Attrezzo1;7,94141;42,9853725;10,8463256667;91,7;2.000;;false;;"002-2002-0008-AE";13;2024-05-13 08:21:36.873 +0200
ZKDBN702W0TS50052;2024-05-13 08:23:46.329 +0200;"7C:D9:F4:04:07:74";Attrezzo1;0;42,9856406667;10,8438096667;94,3;2.000;;false;;"002-2002-0008-AE";14;2024-05-13 08:24:12.458 +0200
ZKDBN702W0TS50052;2024-05-13 08:24:41.956 +0200;"7C:D9:F4:04:07:74";Attrezzo1;4,89453;42,9856278333;10,8438408333;89,1;2.000;;false;;"002-2002-0008-AE";15;2024-05-13 08:25:01.885 +0200
ZKDBN702W0TS50052;2024-05-13 08:28:03.067 +0200;"7C:D9:F4:04:07:74";Attrezzo1;2,93359;42,9866378333;10,844734;94,3;2.000;;false;;"002-2002-0008-AE";16;2024-05-13 08:28:29.274 +0200
ZKDBN702W0TS50052;2024-05-13 08:31:30.352 +0200;"7C:D9:F4:04:07:74";Attrezzo1;2,96094;42,9868011667;10,8448276667;87,9;2.000;;false;;"002-2002-0008-AE";17;2024-05-13 08:31:56.498 +0200
ZKDBN702W0TS50052;2024-05-13 08:34:57.635 +0200;"7C:D9:F4:04:07:74";Attrezzo1;2,95703;42,9860456667;10,8442818333;88,3;3.460;;false;;"002-2002-0008-AE";18;2024-05-13 08:35:20.759 +0200
ZKDBN702W0TS50052;2024-05-13 08:38:21.849 +0200;"7C:D9:F4:04:07:74";Attrezzo1;3,01172;42,9866946667;10,8445308333;98,9;2.000;;false;;"002-2002-0008-AE";19;2024-05-13 08:38:44.853 +0200
ZKDBN702W0TS50052;2024-05-13 08:41:46.062 +0200;"7C:D9:F4:04:07:74";Attrezzo1;3,01172;42,9862365;10,8445878333;92,1;3.440;;false;;"002-2002-0008-AE";20;2024-05-13 08:42:12.301 +0200
ZKDBN702W0TS50052;2024-05-13 08:45:13.353 +0200;"7C:D9:F4:04:07:74";Attrezzo1;2,99219;42,9871511667;10,8451123333;100,7;2.000;;false;;"002-2002-0008-AE";21;2024-05-13 08:45:39.478 +0200
ZKDBN702W0TS50052;2024-05-13 08:48:40.732 +0200;"7C:D9:F4:04:07:74";Attrezzo1;3,04297;42,9856778333;10,8444451667;84,5;2.000;;false;;"002-2002-0008-AE";22;2024-05-13 08:49:03.706 +0200
ZKDBN702W0TS50052;2024-05-13 08:51:49.635 +0200;"7C:D9:F4:04:07:74";Attrezzo1;3;42,9866083333;10,8447826667;108,8;3.410;;false;;"002-2002-0008-AE";23;2024-05-13 08:52:12.674 +0200
ZKDBN702W0TS50052;2024-05-13 08:58:22.020 +0200;"7C:D9:F4:04:07:74";Attrezzo1;3,03125;42,9863508333;10,8447345;111,7;2.840;;false;;"002-2002-0008-AE";24;2024-05-13 08:58:45.086 +0200
ZKDBN702W0TS50052;2024-05-13 09:01:46.207 +0200;"7C:D9:F4:04:07:74";Attrezzo1;3,00391;42,9863576667;10,8448585;118,7;2.000;;false;;"002-2002-0008-AE";25;2024-05-13 09:02:12.298 +0200
ZKDBN702W0TS50052;2024-05-13 09:04:43.130 +0200;"7C:D9:F4:04:07:74";Attrezzo1;0;42,9870855;10,8452916667;117;3.490;;false;;"002-2002-0008-AE";26;2024-05-13 09:05:06.249 +0200
ZKDBN702W0TS50052;2024-05-13 09:05:59.839 +0200;"7C:D9:F4:04:07:74";Attrezzo1;1,45703;42,9870136667;10,8450381667;105,6;3.490;;false;;"002-2002-0008-AE";27;2024-05-13 09:06:25.959 +0200
ZKDBN702W0TS50052;2024-05-13 09:09:27.158 +0200;"7C:D9:F4:04:07:74";Attrezzo1;2,99219;42,9865333333;10,844949;117,7;2.000;;false;;"002-2002-0008-AE";28;2024-05-13 09:09:53.256 +0200
ZKDBN702W0TS50052;2024-05-13 09:22:41.736 +0200;"7C:D9:F4:04:07:74";Attrezzo1;1,82031;;;;2.000;;false;;"002-2002-0008-AE";0;2024-05-13 09:23:24.661 +0200
ZKDBN702W0TS50052;2024-05-13 09:26:04.354 +0200;"7C:D9:F4:04:07:74";Attrezzo1;3,07031;42,9869243333;10,8452648333;93,6;2.030;;false;;"002-2002-0008-AE";1;2024-05-13 09:26:27.432 +0200
ZKDBN702W0TS50052;2024-05-13 09:29:28.578 +0200;"7C:D9:F4:04:07:74";Attrezzo1;3,07813;42,9863286667;10,84499;91,8;2.000;;false;;"002-2002-0008-AE";2;2024-05-13 09:29:51.620 +0200
ZKDBN702W0TS50052;2024-05-13 09:33:07.985 +0200;"7C:D9:F4:04:07:74";Attrezzo1;3,07031;42,9864093333;10,8451305;95,3;2.000;;false;;"002-2002-0008-AE";3;2024-05-13 09:33:15.775 +0200
ZKDBN702W0TS50052;2024-05-13 09:36:53.350 +0200;"7C:D9:F4:04:07:74";Attrezzo1;0;42,9871706667;10,845602;119,3;3.110;;false;;"002-2002-0008-AE";4;2024-05-13 09:37:13.575 +0200
ZKDBN702W0TS50052;2024-05-13 09:37:13.429 +0200;"7C:D9:F4:04:07:74";Attrezzo1;0,800781;42,987197;10,8456078333;121,1;3.110;;false;;"002-2002-0008-AE";5;2024-05-13 09:37:38.560 +0200
ZKDBN702W0TS50052;2024-05-13 12:46:28.038 +0200;"7C:D9:F4:04:07:74";Attrezzo1;0,707031;;;;2.000;;false;;"002-2002-0008-AE";0;2024-05-13 12:47:07.739 +0200
ZKDBN702W0TS50052;2024-05-13 12:46:30.714 +0200;"7C:D9:F4:03:DA:58";Attrezzo2;0,707031;;;;2.000;;false;;"002-2002-0008-AE";0;2024-05-13 12:47:07.739 +0200
ZKDBN702W0TS50052;2024-05-14 06:54:55.807 +0200;"7C:D9:F4:04:07:74";Attrezzo1;4,63281;;;;2.000;;false;;"002-2002-0008-AE";0;2024-05-14 06:55:41.071 +0200
ZKDBN702W0TS50052;2024-05-14 06:56:13.955 +0200;"7C:D9:F4:04:07:74";Attrezzo1;0;42,9849435;10,8455196667;110,5;4.470;;false;;"002-2002-0008-AE";1;2024-05-14 06:56:36.741 +0200
ZKDBN702W0TS50052;2024-05-14 07:07:17.202 +0200;"7C:D9:F4:02:59:A6";Attrezzo5;4,54688;;;;2.000;;false;;"002-2002-0008-AE";0;2024-05-14 07:08:17.659 +0200
ZKDBN702W0TS50052;2024-05-14 07:07:20.686 +0200;"7C:D9:F4:04:07:74";Attrezzo1;4,54297;;;;2.000;;false;;"002-2002-0008-AE";0;2024-05-14 07:08:17.659 +0200
ZKDBN702W0TS50052;2024-05-14 07:11:10.794 +0200;"7C:D9:F4:04:07:74";Attrezzo1;0,0351563;42,9858106667;10,8447655;77,5;2.000;;false;;"002-2002-0008-AE";1;2024-05-14 07:11:30.820 +0200
ZKDBN702W0TS50052;2024-05-14 07:11:30.771 +0200;"7C:D9:F4:04:07:74";Attrezzo1;2,98828;42,9858766667;10,8448238333;79,4;2.130;;false;;"002-2002-0008-AE";2;2024-05-14 07:11:56.115 +0200
ZKDBN702W0TS50052;2024-05-14 07:13:19.821 +0200;"7C:D9:F4:04:07:74";Attrezzo1;0,0234375;42,9861176667;10,8449496667;91,7;2.130;;false;;"002-2002-0008-AE";3;2024-05-14 07:13:40.244 +0200
ZKDBN702W0TS50052;2024-05-14 07:13:40.681 +0200;"7C:D9:F4:04:07:74";Attrezzo1;0,480469;42,9861481667;10,8449643333;95,2;2.130;;false;;"002-2002-0008-AE";4;2024-05-14 07:14:08.419 +0200
ZKDBN702W0TS50052;2024-05-14 07:20:51.298 +0200;"7C:D9:F4:04:07:74";Attrezzo1;2,95703;42,9861626667;10,8450781667;88,1;2.000;;false;;"002-2002-0008-AE";5;2024-05-14 07:21:14.279 +0200
ZKDBN702W0TS50052;2024-05-14 07:24:15.344 +0200;"7C:D9:F4:04:07:74";Attrezzo1;3,01172;42,9865061667;10,845346;117,7;2.000;;false;;"002-2002-0008-AE";6;2024-05-14 07:24:38.341 +0200
ZKDBN702W0TS50052;2024-05-14 07:27:39.528 +0200;"7C:D9:F4:04:07:74";Attrezzo1;2,52734;42,9868321667;10,8455425;127,6;2.000;;false;;"002-2002-0008-AE";7;2024-05-14 07:28:02.601 +0200
ZKDBN702W0TS50052;2024-05-14 07:31:03.721 +0200;"7C:D9:F4:04:07:74";Attrezzo1;2,51172;42,9858138333;10,8449966667;101,4;2.000;;false;;"002-2002-0008-AE";8;2024-05-14 07:31:32.809 +0200
ZKDBN702W0TS50052;2024-05-14 07:34:34.025 +0200;"7C:D9:F4:04:07:74";Attrezzo1;1,44141;42,987145;10,8457776667;108,5;2.150;;false;;"002-2002-0008-AE";9;2024-05-14 07:35:00.182 +0200
ZKDBN702W0TS50052;2024-05-14 07:38:04.299 +0200;"7C:D9:F4:04:07:74";Attrezzo1;3,05469;42,9859401667;10,8452971667;87,6;2.130;;false;;"002-2002-0008-AE";10;2024-05-14 07:38:44.369 +0200
ZKDBN702W0TS50052;2024-05-14 07:41:37.562 +0200;"7C:D9:F4:04:07:74";Attrezzo1;3,01953;42,986692;10,8454756667;97,5;2.000;;false;;"002-2002-0008-AE";11;2024-05-14 07:42:00.718 +0200
ZKDBN702W0TS50052;2024-05-14 07:45:01.999 +0200;"7C:D9:F4:04:07:74";Attrezzo1;2,54297;42,9864585;10,8455828333;111,8;2.830;;false;;"002-2002-0008-AE";12;2024-05-14 07:45:27.918 +0200
ZKDBN702W0TS50052;2024-05-14 07:48:29.263 +0200;"7C:D9:F4:04:07:74";Attrezzo1;3,01172;42,9862573333;10,8456485;104,4;2.160;;false;;"002-2002-0008-AE";13;2024-05-14 07:48:52.149 +0200
ZKDBN702W0TS50052;2024-05-14 07:51:53.222 +0200;"7C:D9:F4:04:07:74";Attrezzo1;2,51172;42,9871263333;10,846031;115,8;2.170;;false;;"002-2002-0008-AE";14;2024-05-14 07:52:19.384 +0200
ZKDBN702W0TS50052;2024-05-14 07:55:20.581 +0200;"7C:D9:F4:04:07:74";Attrezzo1;0,625;42,985679;10,8453495;97;2.000;;false;;"002-2002-0008-AE";15;2024-05-14 07:55:43.617 +0200
ZKDBN702W0TS50052;2024-05-14 07:58:44.705 +0200;"7C:D9:F4:04:07:74";Attrezzo1;3,03125;42,9868176667;10,8460468333;121,4;2.000;;false;;"002-2002-0008-AE";16;2024-05-14 07:59:10.902 +0200
ZKDBN702W0TS50052;2024-05-14 08:01:44.946 +0200;"7C:D9:F4:04:07:74";Attrezzo1;0;42,9868151667;10,8460353333;110,8;2.000;;false;;"002-2002-0008-AE";17;2024-05-14 08:02:10.933 +0200
ZKDBN702W0TS50052;2024-05-14 08:04:20.357 +0200;"7C:D9:F4:04:07:74";Attrezzo1;2,51953;42,9868048333;10,8460443333;103,4;2.000;;false;;"002-2002-0008-AE";18;2024-05-14 08:04:43.427 +0200
ZKDBN702W0TS50052;2024-05-14 08:07:44.588 +0200;"7C:D9:F4:04:07:74";Attrezzo1;2,52734;42,9857715;10,8455193333;83,3;2.190;;false;;"002-2002-0008-AE";19;2024-05-14 08:08:10.778 +0200
ZKDBN702W0TS50052;2024-05-14 08:11:11.808 +0200;"7C:D9:F4:04:07:74";Attrezzo1;2,52344;42,9868585;10,8461765;109,8;2.000;;false;;"002-2002-0008-AE";20;2024-05-14 08:11:37.992 +0200
ZKDBN702W0TS50052;2024-05-14 08:14:39.116 +0200;"7C:D9:F4:04:07:74";Attrezzo1;2,5625;42,9863981667;10,8458941667;100,6;2.190;;false;;"002-2002-0008-AE";21;2024-05-14 08:15:02.256 +0200
ZKDBN702W0TS50052;2024-05-14 08:15:55.861 +0200;"7C:D9:F4:04:07:74";Attrezzo1;0;42,986288;10,84589;111,9;2.000;;false;;"002-2002-0008-AE";22;2024-05-14 08:16:18.878 +0200
ZKDBN702W0TS50052;2024-05-14 08:17:24.719 +0200;"7C:D9:F4:04:07:74";Attrezzo1;2,48047;42,9862563333;10,8458285;99,6;2.000;;false;;"002-2002-0008-AE";23;2024-05-14 08:17:44.691 +0200
ZKDBN702W0TS50052;2024-05-14 08:20:12.476 +0200;"7C:D9:F4:04:07:74";Attrezzo1;0;42,9857746667;10,8456441667;92;2.210;;false;;"002-2002-0008-AE";24;2024-05-14 08:20:35.512 +0200
ZKDBN702W0TS50052;2024-05-14 08:20:35.521 +0200;"7C:D9:F4:04:07:74";Attrezzo1;3,44922;42,9857438333;10,8456621667;83,9;2.000;;false;;"002-2002-0008-AE";25;2024-05-14 08:21:03.697 +0200
ZKDBN702W0TS50052;2024-05-14 08:33:09.257 +0200;"7C:D9:F4:04:07:74";Attrezzo1;7,51563;;;;2.000;;false;;"002-2002-0008-AE";0;2024-05-14 08:33:43.659 +0200
ZKDBN702W0TS50052;2024-05-14 08:36:44.570 +0200;"7C:D9:F4:04:07:74";Attrezzo1;3,01172;42,9866301667;10,8460941667;112,1;3.040;;false;;"002-2002-0008-AE";1;2024-05-14 08:37:13.715 +0200
ZKDBN702W0TS50052;2024-05-14 08:40:14.863 +0200;"7C:D9:F4:04:07:74";Attrezzo1;3,03906;42,9864361667;10,8460875;96,9;2.000;;false;;"002-2002-0008-AE";2;2024-05-14 08:40:41.258 +0200
ZKDBN702W0TS50052;2024-05-14 08:43:45.152 +0200;"7C:D9:F4:04:07:74";Attrezzo1;3,01172;42,986463;10,8462326667;88;2.130;;false;;"002-2002-0008-AE";3;2024-05-14 08:44:05.183 +0200
ZKDBN702W0TS50052;2024-05-14 08:47:06.304 +0200;"7C:D9:F4:04:07:74";Attrezzo1;2,52734;42,9867923333;10,8464625;101;2.140;;false;;"002-2002-0008-AE";4;2024-05-14 08:47:29.540 +0200
ZKDBN702W0TS50052;2024-05-14 08:50:33.557 +0200;"7C:D9:F4:04:07:74";Attrezzo1;2,50391;42,985994;10,8460285;92,5;2.000;;false;;"002-2002-0008-AE";5;2024-05-14 08:50:56.718 +0200
ZKDBN702W0TS50052;2024-05-14 08:53:57.876 +0200;"7C:D9:F4:04:07:74";Attrezzo1;3,01953;42,9872738333;10,8467478333;136,3;2.000;;false;;"002-2002-0008-AE";6;2024-05-14 08:54:23.979 +0200
ZKDBN702W0TS50052;2024-05-14 08:57:25.171 +0200;"7C:D9:F4:04:07:74";Attrezzo1;3,02344;42,9874603333;10,8469431667;108;2.000;;false;;"002-2002-0008-AE";7;2024-05-14 08:57:51.258 +0200
ZKDBN702W0TS50052;2024-05-14 09:00:52.432 +0200;"7C:D9:F4:04:07:74";Attrezzo1;3,02734;42,9860461667;10,8461101667;71,5;2.140;;false;;"002-2002-0008-AE";8;2024-05-14 09:01:21.678 +0200
ZKDBN702W0TS50052;2024-05-14 09:11:16.939 +0200;"7C:D9:F4:04:07:74";Attrezzo1;3;;;;3.040;;false;;"002-2002-0008-AE";0;2024-05-14 09:11:59.685 +0200
ZKDBN702W0TS50052;2024-05-14 09:14:42.657 +0200;"7C:D9:F4:04:07:74";Attrezzo1;2,48828;42,9869428333;10,8467013333;119;4.310;;false;;"002-2002-0008-AE";1;2024-05-14 09:15:08.773 +0200
ZKDBN702W0TS50052;2024-05-14 09:18:09.984 +0200;"7C:D9:F4:04:07:74";Attrezzo1;3,00391;42,9877556667;10,8472061667;115,5;2.000;;false;;"002-2002-0008-AE";2;2024-05-14 09:18:36.092 +0200
ZKDBN702W0TS50052;2024-05-14 09:21:37.203 +0200;"7C:D9:F4:04:07:74";Attrezzo1;3,00391;42,9863191667;10,8466005;88,2;2.000;;false;;"002-2002-0008-AE";3;2024-05-14 09:22:03.307 +0200
ZKDBN702W0TS50052;2024-05-14 09:25:04.460 +0200;"7C:D9:F4:04:07:74";Attrezzo1;2,98438;42,98663;10,8467538333;112,6;4.310;;false;;"002-2002-0008-AE";4;2024-05-14 09:25:33.717 +0200
ZKDBN702W0TS50052;2024-05-14 09:28:38.813 +0200;"7C:D9:F4:04:07:74";Attrezzo1;3,02344;42,9880016667;10,8473025;116,4;2.000;;false;;"002-2002-0008-AE";5;2024-05-14 09:29:03.871 +0200
ZKDBN702W0TS50052;2024-05-14 09:32:05.119 +0200;"7C:D9:F4:04:07:74";Attrezzo1;3,00391;42,9865793333;10,8466206667;95,2;4.320;;false;;"002-2002-0008-AE";6;2024-05-14 09:32:31.218 +0200
ZKDBN702W0TS50052;2024-05-14 09:35:32.298 +0200;"7C:D9:F4:04:07:74";Attrezzo1;2,99219;42,9864573333;10,8467276667;101,2;4.330;;false;;"002-2002-0008-AE";7;2024-05-14 09:35:58.433 +0200
ZKDBN702W0TS50052;2024-05-14 09:38:59.571 +0200;"7C:D9:F4:04:07:74";Attrezzo1;3;42,987828;10,8473085;117,8;2.000;;false;;"002-2002-0008-AE";8;2024-05-14 09:39:25.816 +0200
ZKDBN702W0TS50052;2024-05-14 09:42:42.056 +0200;"7C:D9:F4:04:07:74";Attrezzo1;3,00391;42,9866033333;10,8469216667;97,4;4.320;;false;;"002-2002-0008-AE";9;2024-05-14 09:42:52.998 +0200
ZKDBN702W0TS50052;2024-05-14 09:45:54.098 +0200;"7C:D9:F4:04:07:74";Attrezzo1;2,48047;42,986353;10,8466855;93,3;4.320;;false;;"002-2002-0008-AE";10;2024-05-14 09:46:17.235 +0200
ZKDBN702W0TS50052;2024-05-14 09:49:18.311 +0200;"7C:D9:F4:04:07:74";Attrezzo1;2,48828;42,9874478333;10,8471831667;93,7;2.000;;false;;"002-2002-0008-AE";11;2024-05-14 09:49:44.503 +0200
ZKDBN702W0TS50052;2024-05-14 09:56:45.205 +0200;"7C:D9:F4:04:07:74";Attrezzo1;8,05078;42,9883486667;10,847745;;2.000;;false;;"002-2002-0008-AE";0;2024-05-14 09:57:27.276 +0200
ZKDBN702W0TS50052;2024-05-14 10:00:06.576 +0200;"7C:D9:F4:04:07:74";Attrezzo1;9,60938;42,9860151667;10,8469743333;102;2.000;;false;;"002-2002-0008-AE";1;2024-05-14 10:00:32.738 +0200
ZKDBN702W0TS50052;2024-05-14 10:35:36.054 +0200;"7C:D9:F4:04:07:74";Attrezzo1;3;42,986645;10,8469148333;98,5;4.470;;false;;"002-2002-0008-AE";1;2024-05-14 10:35:59.077 +0200
ZKDBN702W0TS50052;2024-05-14 10:39:03.208 +0200;"7C:D9:F4:04:07:74";Attrezzo1;3,01172;42,9879186667;10,8476971667;113,2;2.000;;false;;"002-2002-0008-AE";2;2024-05-14 10:39:26.318 +0200
ZKDBN702W0TS50052;2024-05-14 10:42:30.488 +0200;"7C:D9:F4:04:07:74";Attrezzo1;3,04297;42,9865138333;10,8471046667;86,4;2.000;;false;;"002-2002-0008-AE";3;2024-05-14 10:42:50.536 +0200
ZKDBN702W0TS50052;2024-05-14 10:54:39.341 +0200;"7C:D9:F4:04:07:74";Attrezzo1;6,875;;;;2.000;;false;;"002-2002-0008-AE";0;2024-05-14 10:55:36.233 +0200
ZKDBN702W0TS50052;2024-05-14 10:58:37.294 +0200;"7C:D9:F4:04:07:74";Attrezzo1;2,99219;42,9868625;10,8470295;119,6;2.360;;false;;"002-2002-0008-AE";1;2024-05-14 10:59:00.413 +0200
ZKDBN702W0TS50052;2024-05-14 11:02:01.581 +0200;"7C:D9:F4:04:07:74";Attrezzo1;3,625;42,9874446667;10,8475815;102,5;2.000;;false;;"002-2002-0008-AE";2;2024-05-14 11:02:27.704 +0200
ZKDBN702W0TS50052;2024-05-14 11:05:28.850 +0200;"7C:D9:F4:04:07:74";Attrezzo1;2,98828;42,9859525;10,8466428333;113;2.360;;false;;"002-2002-0008-AE";3;2024-05-14 11:05:54.969 +0200
ZKDBN702W0TS50052;2024-05-14 11:08:56.123 +0200;"7C:D9:F4:04:07:74";Attrezzo1;2,86719;42,9873723333;10,8473356667;106,3;2.360;;false;;"002-2002-0008-AE";4;2024-05-14 11:09:22.332 +0200
ZKDBN702W0TS50052;2024-05-14 11:12:23.396 +0200;"7C:D9:F4:04:07:74";Attrezzo1;2,88281;42,98749;10,8475686667;126,2;2.000;;false;;"002-2002-0008-AE";5;2024-05-14 11:12:49.537 +0200
ZKDBN702W0TS50052;2024-05-14 11:15:50.752 +0200;"7C:D9:F4:04:07:74";Attrezzo1;2,71094;42,9859971667;10,8467585;102,1;2.000;;false;;"002-2002-0008-AE";6;2024-05-14 11:16:16.789 +0200
ZKDBN702W0TS50052;2024-05-14 11:19:17.972 +0200;"7C:D9:F4:04:07:74";Attrezzo1;2,88281;42,9873615;10,8476403333;97,5;2.000;;false;;"002-2002-0008-AE";7;2024-05-14 11:19:40.956 +0200
ZKDBN702W0TS50052;2024-05-14 11:22:42.135 +0200;"7C:D9:F4:04:07:74";Attrezzo1;2,89453;42,9877883333;10,8478438333;133,5;2.000;;false;;"002-2002-0008-AE";8;2024-05-14 11:23:11.279 +0200
ZKDBN702W0TS50052;2024-05-14 11:26:12.375 +0200;"7C:D9:F4:04:07:74";Attrezzo1;2,89453;42,986426;10,847112;95,4;2.380;;false;;"002-2002-0008-AE";9;2024-05-14 11:26:35.486 +0200
ZKDBN702W0TS50052;2024-05-14 11:29:36.607 +0200;"7C:D9:F4:04:07:74";Attrezzo1;2,88281;42,987065;10,8474856667;101,1;2.000;;false;;"002-2002-0008-AE";10;2024-05-14 11:30:02.747 +0200
ZKDBN702W0TS50052;2024-05-14 11:34:04.577 +0200;"7C:D9:F4:04:07:74";Attrezzo1;0;42,9882383333;10,8481326667;110,6;2.360;;false;;"002-2002-0008-AE";11;2024-05-14 11:34:27.606 +0200
ZKDBN702W0TS50052;2024-05-14 11:35:45.589 +0200;"7C:D9:F4:04:07:74";Attrezzo1;1,19141;42,9882831667;10,8481958333;89,8;2.940;;false;;"002-2002-0008-AE";12;2024-05-14 11:36:08.756 +0200
ZKDBN702W0TS50052;2024-05-14 11:39:09.787 +0200;"7C:D9:F4:04:07:74";Attrezzo1;2,80078;42,9869898333;10,847478;112,5;2.400;;false;;"002-2002-0008-AE";13;2024-05-14 11:39:32.807 +0200
