vin;time;mac_address;name;vehicle_speed;latitude;longitude;altitude;battery_voltage;humidity;low_battery;temperature
WSXFP10200LD10194;2024-08-10 04:39:30.106000 +00:00;7C:D9:F4:01:8F:EE;Botte;0.222656;45.406397166666665;10.003808333333334;58;2000;;false;
WSXFP10200LD10194;2024-08-10 04:39:32.147000 +00:00;7C:D9:F4:00:C1:FB;Carro37;0.222656;45.40640233333333;10.003803833333334;55.8;4440;;false;
WSXFP10200LD10194;2024-08-10 04:40:25.187000 +00:00;7C:D9:F4:00:C1:FB;Carro37;0;45.40645233333333;10.003753666666668;95.2;2000;;false;
WSXFP10200LD10194;2024-08-10 04:40:25.981000 +00:00;7C:D9:F4:01:8F:EE;Botte;0;45.40645216666667;10.003750833333335;95.7;3060;;false;
WSXFP10200LD10194;2024-08-10 04:51:56.756000 +00:00;7C:D9:F4:01:8F:EE;Botte;0.929688;45.4064925;10.003781166666666;78.5;4440;;false;
WSXFP10200LD10194;2024-08-10 04:51:57.529000 +00:00;7C:D9:F4:00:C1:FB;Carro37;0.976563;45.406497333333334;10.003777499999998;78.8;2000;;false;
WSXFP10200LD10194;2024-08-10 04:55:02.161000 +00:00;7C:D9:F4:01:8F:EE;Botte;0;45.407770166666666;10.003025666666666;76.9;4430;;false;
WSXFP10200LD10194;2024-08-10 04:59:48.897000 +00:00;7C:D9:F4:01:8F:EE;Botte;1.07813;45.40779850000001;10.00310733333333;83.8;3060;;false;
WSXFP10200LD10194;2024-08-10 05:03:15.696000 +00:00;7C:D9:F4:01:8F:EE;Botte;13.457;45.40787333333333;10.005610666666666;77.7;2000;;false;
WSXFP10200LD10194;2024-08-10 05:06:42.754000 +00:00;7C:D9:F4:01:8F:EE;Botte;16;45.41591783333333;10.013358666666665;80.3;2000;;false;
WSXFP10200LD10194;2024-08-10 05:10:10.460000 +00:00;7C:D9:F4:01:8F:EE;Botte;27.9883;45.431733833333325;10.014974833333333;87.6;2000;;false;
WSXFP10200LD10194;2024-08-10 05:13:34.456000 +00:00;7C:D9:F4:01:8F:EE;Botte;40.6172;45.446963000000004;10.0155155;96.4;2000;;false;
WSXFP10200LD10194;2024-08-10 05:16:58.646000 +00:00;7C:D9:F4:01:8F:EE;Botte;51.2852;45.465947;10.030667833333332;100.3;4430;;false;
WSXFP10200LD10194;2024-08-10 05:20:24.936000 +00:00;7C:D9:F4:01:8F:EE;Botte;35.5547;45.47959383333333;10.037733166666666;103.3;2000;;false;
WSXFP10200LD10194;2024-08-10 05:23:53.016000 +00:00;7C:D9:F4:01:8F:EE;Botte;15.4688;45.490538666666666;10.0456265;118.8;4440;;false;
WSXFP10200LD10194;2024-08-10 05:25:58.396000 +00:00;7C:D9:F4:01:8F:EE;Botte;0;45.49194049999999;10.046699;120.1;4440;;false;
WSXFP10200LD10194;2024-08-10 05:29:49.960000 +00:00;7C:D9:F4:01:8F:EE;Botte;6.40234;45.49192516666667;10.0466145;104;2000;;false;
WSXFP10200LD10194;2024-08-10 05:33:14.487000 +00:00;7C:D9:F4:01:8F:EE;Botte;46.3242;45.48976233333333;10.039876166666666;113.2;2930;;false;
WSXFP10200LD10194;2024-08-10 05:36:39.507000 +00:00;7C:D9:F4:01:8F:EE;Botte;51.168;45.47332766666667;10.039432666666666;107.4;2000;;false;
WSXFP10200LD10194;2024-08-10 05:40:02.734000 +00:00;7C:D9:F4:01:8F:EE;Botte;51.6953;45.453821;10.016134500000001;101.8;4450;;false;
WSXFP10200LD10194;2024-08-10 05:43:26.888000 +00:00;7C:D9:F4:01:8F:EE;Botte;37.1328;45.43268466666666;10.016078666666667;85.7;4490;;false;
WSXFP10200LD10194;2024-08-10 05:46:54.311000 +00:00;7C:D9:F4:01:8F:EE;Botte;51.1445;45.41882749999999;10.014667333333334;81.8;2000;;false;
WSXFP10200LD10194;2024-08-10 05:50:18.197000 +00:00;7C:D9:F4:01:8F:EE;Botte;22.0156;45.40927516666667;10.006090166666667;85.2;4480;;false;
WSXFP10200LD10194;2024-08-10 05:54:19.038000 +00:00;7C:D9:F4:01:8F:EE;Botte;0;45.40787716666667;10.003034999999999;84.2;2000;;false;
WSXFP10200LD10194;2024-08-10 05:59:32.470000 +00:00;7C:D9:F4:01:8F:EE;Botte;2.53906;45.40777849999999;10.003035166666665;80.7;4490;;false;
WSXFP10200LD10194;2024-08-10 06:02:53.657000 +00:00;7C:D9:F4:01:8F:EE;Botte;27.9258;45.410358166666676;10.006575999999999;93.5;2000;;false;
WSXFP10200LD10194;2024-08-10 06:06:17.712000 +00:00;7C:D9:F4:01:8F:EE;Botte;37.2695;45.41840500000001;10.014647333333334;104.9;4500;;false;
WSXFP10200LD10194;2024-08-10 06:10:00.134000 +00:00;7C:D9:F4:01:8F:EE;Botte;35.6602;45.434805499999996;10.016615833333335;108.8;3060;;false;
WSXFP10200LD10194;2024-08-10 06:13:09.427000 +00:00;7C:D9:F4:01:8F:EE;Botte;40.9375;45.454065166666666;10.016425666666665;113.5;2000;;false;
WSXFP10200LD10194;2024-08-10 06:16:34.876000 +00:00;7C:D9:F4:01:8F:EE;Botte;51.0781;45.47292949999999;10.038998333333332;108.3;2000;;false;
WSXFP10200LD10194;2024-08-10 06:20:03.844000 +00:00;7C:D9:F4:01:8F:EE;Botte;44.4297;45.48677250000001;10.039323666666666;113.6;2000;;false;
WSXFP10200LD10194;2024-08-10 06:23:38.333000 +00:00;7C:D9:F4:01:8F:EE;Botte;0;45.49197066666667;10.0466815;118.1;2000;;false;
WSXFP10200LD10194;2024-08-10 06:26:59.620000 +00:00;7C:D9:F4:01:8F:EE;Botte;4.08203;45.49219883333334;10.046898499999998;117.2;2930;;false;
WSXFP10200LD10194;2024-08-10 06:28:05.740000 +00:00;7C:D9:F4:01:8F:EE;Botte;0;45.49221599999999;10.046988000000002;112.6;2000;;false;
WSXFP10200LD10194;2024-08-10 06:52:40.447000 +00:00;7C:D9:F4:01:8F:EE;Botte;2.83594;45.49217583333334;10.047002333333333;132.3;2000;;false;
WSXFP10200LD10194;2024-08-10 06:56:05.913000 +00:00;7C:D9:F4:01:8F:EE;Botte;43.7344;45.48982533333332;10.0398015;127.4;2000;;false;
WSXFP10200LD10194;2024-08-10 06:59:30.507000 +00:00;7C:D9:F4:01:8F:EE;Botte;51.25;45.47385916666668;10.040110166666668;102.8;3060;;false;
WSXFP10200LD10194;2024-08-10 07:03:02.117000 +00:00;7C:D9:F4:01:8F:EE;Botte;51.6758;45.45375250000001;10.016055000000001;100.1;2000;;false;
WSXFP10200LD10194;2024-08-10 07:06:24.659000 +00:00;7C:D9:F4:01:8F:EE;Botte;34.918;45.432802;10.016399166666666;90.3;4530;;false;
WSXFP10200LD10194;2024-08-10 07:09:49.268000 +00:00;7C:D9:F4:01:8F:EE;Botte;51.4102;45.42027516666666;10.015364166666666;90.6;4520;;false;
WSXFP10200LD10194;2024-08-10 07:13:16.098000 +00:00;7C:D9:F4:01:8F:EE;Botte;36.1953;45.4094555;10.006171333333333;83.9;4540;;false;
WSXFP10200LD10194;2024-08-10 07:16:22.439000 +00:00;7C:D9:F4:01:8F:EE;Botte;0;45.40783483333333;10.003082499999998;90.8;4490;;false;
WSXFP10200LD10194;2024-08-10 07:23:46.804000 +00:00;7C:D9:F4:01:8F:EE;Botte;2.45703;45.40772666666667;10.003071166666665;65.7;4520;;false;
WSXFP10200LD10194;2024-08-10 07:24:57.734000 +00:00;7C:D9:F4:01:8F:EE;Botte;0;45.40782049999999;10.003110333333334;67.5;4530;;false;
WSXFP10200LD10194;2024-08-10 07:32:48.578000 +00:00;7C:D9:F4:01:8F:EE;Botte;26.3008;45.41190183333333;10.007213833333331;82.3;2000;;false;
WSXFP10200LD10194;2024-08-10 07:36:12.376000 +00:00;7C:D9:F4:01:8F:EE;Botte;43.5547;45.42014833333333;10.0153785;73.6;2000;;false;
WSXFP10200LD10194;2024-08-10 07:39:39.866000 +00:00;7C:D9:F4:01:8F:EE;Botte;35.5391;45.43485066666667;10.016636499999999;88.9;2930;;false;
WSXFP10200LD10194;2024-08-10 07:43:18.969000 +00:00;7C:D9:F4:01:8F:EE;Botte;47.5977;45.45607199999999;10.018903833333335;91.5;4530;;false;
WSXFP10200LD10194;2024-08-10 07:46:28.913000 +00:00;7C:D9:F4:01:8F:EE;Botte;50.8008;45.47378366666667;10.040241;98.6;4520;;false;
WSXFP10200LD10194;2024-08-10 07:49:55.279000 +00:00;7C:D9:F4:01:8F:EE;Botte;46.7305;45.486855500000004;10.039382;97.8;2000;;false;
WSXFP10200LD10194;2024-08-10 07:54:11.760000 +00:00;7C:D9:F4:01:8F:EE;Botte;0;45.491893833333336;10.046720833333334;108.3;2930;;false;
WSXFP10200LD10194;2024-08-10 07:57:29.486000 +00:00;7C:D9:F4:01:8F:EE;Botte;8.20703;45.49189416666666;10.046703666666668;98.1;2000;;false;
WSXFP10200LD10194;2024-08-10 07:58:55.376000 +00:00;7C:D9:F4:01:8F:EE;Botte;0;45.491866166666654;10.047379;113.1;2030;;false;
WSXFP10200LD10194;2024-08-10 08:02:23.235000 +00:00;7C:D9:F4:01:8F:EE;Botte;1.52734;45.49191533333333;10.047396333333335;94;2000;;false;
WSXFP10200LD10194;2024-08-10 08:05:47.336000 +00:00;7C:D9:F4:01:8F:EE;Botte;51.4258;45.48357266666667;10.038863;104;4530;;false;
WSXFP10200LD10194;2024-08-10 08:09:10.936000 +00:00;7C:D9:F4:01:8F:EE;Botte;51.3672;45.469977333333325;10.035563666666668;106.9;2010;;false;
WSXFP10200LD10194;2024-08-10 08:12:35.087000 +00:00;7C:D9:F4:01:8F:EE;Botte;52.0938;45.45118083333333;10.015205166666666;79.9;2000;;false;
WSXFP10200LD10194;2024-08-10 08:16:05.208000 +00:00;7C:D9:F4:01:8F:EE;Botte;24.5195;45.431320333333325;10.015089333333332;74.8;4210;;false;
WSXFP10200LD10194;2024-08-10 08:19:26.344000 +00:00;7C:D9:F4:01:8F:EE;Botte;17.4883;45.41619049999999;10.010965833333335;76.9;2010;;false;
WSXFP10200LD10194;2024-08-10 08:22:53.779000 +00:00;7C:D9:F4:01:8F:EE;Botte;15.3086;45.407274666666666;10.004476666666667;73;2000;;false;
WSXFP10200LD10194;2024-08-10 08:25:11.679000 +00:00;7C:D9:F4:01:8F:EE;Botte;0;45.40786033333333;10.003011166666665;71.2;2000;;false;
WSXFP10200LD10194;2024-08-10 08:29:51.736000 +00:00;7C:D9:F4:01:8F:EE;Botte;2.875;45.407856166666676;10.003032833333334;70.9;2000;;false;
WSXFP10200LD10194;2024-08-10 08:33:18.343000 +00:00;7C:D9:F4:01:8F:EE;Botte;21.5938;45.40911016666667;10.006078666666665;72.6;4530;;false;
WSXFP10200LD10194;2024-08-10 08:36:43.252000 +00:00;7C:D9:F4:01:8F:EE;Botte;9.39844;45.41649683333334;10.013745833333333;69.6;2000;;false;
WSXFP10200LD10194;2024-08-10 08:40:09.789000 +00:00;7C:D9:F4:01:8F:EE;Botte;27.8633;45.43257499999999;10.015853666666667;82.4;4530;;false;
WSXFP10200LD10194;2024-08-10 08:43:34.172000 +00:00;7C:D9:F4:01:8F:EE;Botte;51.2461;45.45110450000001;10.015207833333331;90;4490;;false;
WSXFP10200LD10194;2024-08-10 08:46:58.400000 +00:00;7C:D9:F4:01:8F:EE;Botte;51.2969;45.469972166666665;10.035585333333334;98.4;3060;;false;
WSXFP10200LD10194;2024-08-10 08:50:22.972000 +00:00;7C:D9:F4:01:8F:EE;Botte;33.4531;45.482768166666666;10.038533;126;2000;;false;
WSXFP10200LD10194;2024-08-10 08:53:47.121000 +00:00;7C:D9:F4:01:8F:EE;Botte;12.1836;45.49171166666666;10.046724499999998;107;2080;;false;
WSXFP10200LD10194;2024-08-10 08:55:18.484000 +00:00;7C:D9:F4:01:8F:EE;Botte;0;45.49182783333334;10.047345333333334;110.2;4550;;false;
WSXFP10200LD10194;2024-08-10 08:57:11.988000 +00:00;7C:D9:F4:01:8F:EE;Botte;11.8086;45.49173416666667;10.046999666666666;110.4;2000;;false;
WSXFP10200LD10194;2024-08-10 08:59:14.740000 +00:00;7C:D9:F4:01:8F:EE;Botte;0;45.490622;10.045612666666667;103.2;2000;;false;
WSXFP10200LD10194;2024-08-10 09:02:32.424000 +00:00;7C:D9:F4:01:8F:EE;Botte;1.62891;45.49059566666666;10.045650666666667;143.9;2070;;false;
WSXFP10200LD10194;2024-08-10 09:04:16.384000 +00:00;7C:D9:F4:01:8F:EE;Botte;0;45.490429666666664;10.044876166666667;126.9;2000;;false;
WSXFP10200LD10194;2024-08-10 09:09:54.007000 +00:00;7C:D9:F4:01:8F:EE;Botte;3.03906;45.490353333333324;10.044790166666667;116.6;2000;;false;
WSXFP10200LD10194;2024-08-10 09:11:41.088000 +00:00;7C:D9:F4:01:8F:EE;Botte;0;45.490877;10.044097833333332;117.1;2030;;false;
WSXFP10200LD10194;2024-08-12 04:08:59.353000 +00:00;7C:D9:F4:01:8F:EE;Botte;4.92578;45.490799333333335;10.044277333333334;114.1;2000;;false;
WSXFP10200LD10194;2024-08-12 04:12:25.719000 +00:00;7C:D9:F4:01:8F:EE;Botte;16.8516;45.48491183333334;10.052986333333335;104.9;2000;;false;
WSXFP10200LD10194;2024-08-12 04:15:49.329000 +00:00;7C:D9:F4:01:8F:EE;Botte;17.9766;45.487467;10.064419333333333;112.5;2000;;false;
WSXFP10200LD10194;2024-08-12 04:19:03.542000 +00:00;7C:D9:F4:01:8F:EE;Botte;0;45.48640749999999;10.066356833333332;106.6;2000;;false;
WSXFP10200LD10194;2024-08-12 05:01:07.611000 +00:00;7C:D9:F4:01:8F:EE;Botte;4.5;45.48653866666667;10.066404666666667;110.5;2000;;false;
WSXFP10200LD10194;2024-08-12 05:04:57.680000 +00:00;7C:D9:F4:01:8F:EE;Botte;29.5078;45.48501400000001;10.052596833333332;123.7;2000;;false;
WSXFP10200LD10194;2024-08-12 05:09:02.787000 +00:00;7C:D9:F4:01:8F:EE;Botte;0.00390625;45.491907000000005;10.046779666666668;117;2000;;false;
WSXFP10200LD10194;2024-08-12 05:12:08.699000 +00:00;7C:D9:F4:01:8F:EE;Botte;8.33594;45.49193033333333;10.046726333333332;110.1;2000;;false;
WSXFP10200LD10194;2024-08-12 05:16:09.528000 +00:00;7C:D9:F4:01:8F:EE;Botte;0;45.49035133333334;10.046122166666667;122.6;4340;;false;
WSXFP10200LD10194;2024-08-12 05:17:10.769000 +00:00;7C:D9:F4:01:8F:EE;Botte;23.0313;45.48970516666666;10.045980166666668;118.8;2000;;false;
WSXFP10200LD10194;2024-08-12 05:20:20.975000 +00:00;7C:D9:F4:01:8F:EE;Botte;27.875;45.48753416666667;10.053756666666667;113.4;4080;;false;
WSXFP10200LD10194;2024-08-12 05:23:47.714000 +00:00;7C:D9:F4:01:8F:EE;Botte;14.3281;45.48625099999999;10.066316333333333;117;4070;;false;
WSXFP10200LD10194;2024-08-12 05:25:10.077000 +00:00;7C:D9:F4:01:8F:EE;Botte;0;45.48660783333334;10.066498166666666;123.5;3100;;false;
WSXFP10200LD10194;2024-08-12 05:32:49.330000 +00:00;7C:D9:F4:01:8F:EE;Botte;4.82813;45.486642333333336;10.066458666666668;123.3;2000;;false;
WSXFP10200LD10194;2024-08-12 05:33:03.082000 +00:00;7C:D9:F4:03:0F:87;LamaTrincia;0.0664063;45.486475333333324;10.066361;123.3;2000;;false;
WSXFP10200LD10194;2024-08-12 05:36:20.332000 +00:00;7C:D9:F4:01:8F:EE;Botte;49.9961;45.48462883333334;10.056433666666665;123.5;2000;;false;
WSXFP10200LD10194;2024-08-12 05:39:47.079000 +00:00;7C:D9:F4:01:8F:EE;Botte;17.4023;45.491701;10.046611166666667;105.8;4090;;false;
WSXFP10200LD10194;2024-08-12 05:40:54.340000 +00:00;7C:D9:F4:01:8F:EE;Botte;0;45.49183033333334;10.046723333333333;90.2;4070;;false;
WSXFP10200LD10194;2024-08-12 05:43:54.455000 +00:00;7C:D9:F4:01:8F:EE;Botte;8.17969;45.49184199999999;10.046710833333332;93.9;2000;;false;
WSXFP10200LD10194;2024-08-12 05:50:20.376000 +00:00;7C:D9:F4:01:8F:EE;Botte;23.8164;45.48735583333334;10.064921166666666;108.5;3100;;false;
WSXFP10200LD10194;2024-08-12 05:53:11.181000 +00:00;7C:D9:F4:03:0F:87;LamaTrincia;0;45.48644533333333;10.066978500000001;104.7;2960;;false;
WSXFP10200LD10194;2024-08-12 05:53:12.581000 +00:00;7C:D9:F4:01:8F:EE;Botte;0;45.4864465;10.066978166666667;104;4110;;false;
WSXFP10200LD10194;2024-08-12 05:58:59.448000 +00:00;7C:D9:F4:01:8F:EE;Botte;2.91406;45.486421166666666;10.066899166666667;92.8;4070;;false;
WSXFP10200LD10194;2024-08-12 06:01:25.852000 +00:00;7C:D9:F4:01:8F:EE;Botte;0;45.486342500000006;10.066548833333334;102.6;2000;;false;
WSXFP10200LD10194;2024-08-12 06:04:41.244000 +00:00;7C:D9:F4:01:8F:EE;Botte;1.10547;45.4863595;10.066555333333334;106.6;2000;;false;
WSXFP10200LD10194;2024-08-12 06:06:40.323000 +00:00;7C:D9:F4:01:8F:EE;Botte;0;45.48641283333333;10.066953333333334;114.6;4090;;false;
WSXFP10200LD10194;2024-08-12 06:09:50.033000 +00:00;7C:D9:F4:01:8F:EE;Botte;0.738281;45.48649283333333;10.066938333333333;95.4;2000;;false;
WSXFP10200LD10194;2024-08-12 06:11:54.496000 +00:00;7C:D9:F4:01:8F:EE;Botte;0;45.487095333333336;10.067054166666667;111.5;4110;;false;
WSXFP10200LD10194;2024-08-12 06:12:56.755000 +00:00;7C:D9:F4:01:8F:EE;Botte;1.10547;45.487077500000005;10.067095166666666;106.3;2000;;false;
WSXFP10200LD10194;2024-08-12 06:15:23.034000 +00:00;7C:D9:F4:01:8F:EE;Botte;0;45.486578333333334;10.067040500000001;134.5;4150;;false;
WSXFP10200LD10194;2024-08-12 06:21:52.091000 +00:00;7C:D9:F4:01:8F:EE;Botte;9.69531;45.486533166666675;10.067230166666667;96.4;4120;;false;
WSXFP10200LD10194;2024-08-12 06:25:13.362000 +00:00;7C:D9:F4:01:8F:EE;Botte;39.875;45.49038983333334;10.0632145;102.8;2000;;false;
WSXFP10200LD10194;2024-08-12 06:28:40.615000 +00:00;7C:D9:F4:01:8F:EE;Botte;26.0273;45.485358;10.046770500000001;100.5;4080;;false;
WSXFP10200LD10194;2024-08-12 06:31:40.475000 +00:00;7C:D9:F4:01:8F:EE;Botte;0;45.491950333333335;10.046702;107;3100;;false;
WSXFP10200LD10194;2024-08-12 06:34:25.335000 +00:00;7C:D9:F4:01:8F:EE;Botte;5.48047;45.49190000000001;10.046751666666665;95.7;4150;;false;
WSXFP10200LD10194;2024-08-12 06:41:21.765000 +00:00;7C:D9:F4:01:8F:EE;Botte;26.0781;45.48745099999999;10.064547833333334;115.3;4160;;false;
WSXFP10200LD10194;2024-08-12 06:44:27.820000 +00:00;7C:D9:F4:01:8F:EE;Botte;0;45.48652233333334;10.067048499999999;113.4;4160;;false;
WSXFP10200LD10194;2024-08-12 06:48:49.782000 +00:00;7C:D9:F4:01:8F:EE;Botte;9.6875;45.486563666666676;10.0670475;125.2;2000;;false;
WSXFP10200LD10194;2024-08-12 06:52:20.420000 +00:00;7C:D9:F4:01:8F:EE;Botte;44.3281;45.487105500000006;10.061623333333335;111.6;4180;;false;
WSXFP10200LD10194;2024-08-12 06:55:41.369000 +00:00;7C:D9:F4:01:8F:EE;Botte;31.8125;45.4877285;10.045930333333333;99.4;4120;;false;
WSXFP10200LD10194;2024-08-12 06:57:49.699000 +00:00;7C:D9:F4:01:8F:EE;Botte;0;45.49194866666667;10.046745000000001;112.2;2000;;false;
WSXFP10200LD10194;2024-08-12 06:58:36.251000 +00:00;7C:D9:F4:01:8F:EE;Botte;3.98047;45.49195083333334;10.046758833333334;116.3;2960;;false;
WSXFP10200LD10194;2024-08-12 07:00:02.053000 +00:00;7C:D9:F4:01:8F:EE;Botte;0;45.49185783333334;10.047367666666664;114;4180;;false;
WSXFP10200LD10194;2024-08-12 07:01:31.048000 +00:00;7C:D9:F4:01:8F:EE;Botte;5.40625;45.49182533333333;10.047392;110.1;4070;;false;
WSXFP10200LD10194;2024-08-12 07:03:39.389000 +00:00;7C:D9:F4:01:8F:EE;Botte;0;45.4918995;10.0467415;105.3;2000;;false;
WSXFP10200LD10194;2024-08-12 07:05:02.089000 +00:00;7C:D9:F4:01:8F:EE;Botte;5.04297;45.491887166666665;10.046750833333334;107.6;4200;;false;
WSXFP10200LD10194;2024-08-12 07:07:22.558000 +00:00;7C:D9:F4:01:8F:EE;Botte;0;45.49143283333333;10.046536166666668;107.4;4110;;false;
WSXFP10200LD10194;2024-08-12 07:39:15.054000 +00:00;7C:D9:F4:03:0F:87;LamaTrincia;6.17969;45.48621833333333;10.06611;100.2;2000;;false;
WSXFP10200LD10194;2024-08-12 07:42:36.223000 +00:00;7C:D9:F4:03:0F:87;LamaTrincia;8.35156;45.486189333333336;10.065912833333334;100.3;4150;;false;
WSXFP10200LD10194;2024-08-12 07:46:04.561000 +00:00;7C:D9:F4:03:0F:87;LamaTrincia;4.58984;45.486044;10.066004166666666;93.5;2960;;false;
WSXFP10200LD10194;2024-08-12 07:49:30.046000 +00:00;7C:D9:F4:03:0F:87;LamaTrincia;4.68359;45.486177500000004;10.0658915;108.9;4180;;false;
WSXFP10200LD10194;2024-08-12 07:53:21.490000 +00:00;7C:D9:F4:03:0F:87;LamaTrincia;8.71094;45.48618383333334;10.065948333333333;107.3;2960;;false;
WSXFP10200LD10194;2024-08-12 08:00:02.285000 +00:00;7C:D9:F4:03:0F:87;LamaTrincia;4.41406;45.48625699999999;10.065953999999998;104.3;2000;;false;
WSXFP10200LD10194;2024-08-12 08:03:22.693000 +00:00;7C:D9:F4:03:0F:87;LamaTrincia;3.16797;45.48620883333333;10.065913499999999;108.9;4200;;false;
WSXFP10200LD10194;2024-08-12 08:06:54.820000 +00:00;7C:D9:F4:03:0F:87;LamaTrincia;1.71875;45.48610266666666;10.065832666666669;111.4;2000;;false;
WSXFP10200LD10194;2024-08-12 08:13:53.525000 +00:00;7C:D9:F4:03:0F:87;LamaTrincia;3.86328;45.486241;10.065913166666668;113.4;3100;;false;
WSXFP10200LD10194;2024-08-12 08:17:15.263000 +00:00;7C:D9:F4:03:0F:87;LamaTrincia;9.55859;45.486154000000006;10.066153833333335;107.6;2000;;false;
WSXFP10200LD10194;2024-08-12 08:20:43.149000 +00:00;7C:D9:F4:03:0F:87;LamaTrincia;8.14844;45.486162833333346;10.0660565;104.1;3100;;false;
WSXFP10200LD10194;2024-08-12 08:24:05.343000 +00:00;7C:D9:F4:03:0F:87;LamaTrincia;4.51563;45.48623966666668;10.066099;109.6;4200;;false;
WSXFP10200LD10194;2024-08-12 08:27:44.605000 +00:00;7C:D9:F4:03:0F:87;LamaTrincia;7.23828;45.486239833333336;10.065960833333332;103;2000;;false;
WSXFP10200LD10194;2024-08-12 08:30:57.616000 +00:00;7C:D9:F4:03:0F:87;LamaTrincia;5.80078;45.486084833333344;10.065748000000001;102.8;4200;;false;
WSXFP10200LD10194;2024-08-12 08:34:26.512000 +00:00;7C:D9:F4:03:0F:87;LamaTrincia;0.171875;45.486188999999996;10.065719333333334;107.8;3600;;false;
WSXFP10200LD10194;2024-08-12 08:37:47.804000 +00:00;7C:D9:F4:03:0F:87;LamaTrincia;3.45313;45.486279333333336;10.065848666666666;104.7;2000;;false;
WSXFP10200LD10194;2024-08-12 08:41:32.118000 +00:00;7C:D9:F4:03:0F:87;LamaTrincia;4.26953;45.486143999999996;10.066052;90;4190;;false;
WSXFP10200LD10194;2024-08-12 08:44:29.351000 +00:00;7C:D9:F4:03:0F:87;LamaTrincia;3.12891;45.486115166666664;10.0657985;102.8;2000;;false;
WSXFP10200LD10194;2024-08-12 08:48:00.233000 +00:00;7C:D9:F4:03:0F:87;LamaTrincia;4.59766;45.48630299999999;10.0660895;87.9;2960;;false;
WSXFP10200LD10194;2024-08-12 08:54:40.529000 +00:00;7C:D9:F4:03:0F:87;LamaTrincia;8.11719;45.48607133333333;10.065798666666664;97.2;4180;;false;
WSXFP10200LD10194;2024-08-12 08:57:47.284000 +00:00;7C:D9:F4:03:0F:87;LamaTrincia;5.6875;45.486164666666674;10.065946333333335;93.8;0;;false;
WSXFP10200LD10194;2024-08-12 09:01:11.055000 +00:00;7C:D9:F4:03:0F:87;LamaTrincia;8.63672;45.486254333333335;10.065891333333333;103.8;4250;;false;
WSXFP10200LD10194;2024-08-12 09:04:33.550000 +00:00;7C:D9:F4:03:0F:87;LamaTrincia;6.74609;45.486188166666665;10.065899999999997;95.3;2000;;false;
WSXFP10200LD10194;2024-08-12 09:11:35.810000 +00:00;7C:D9:F4:03:0F:87;LamaTrincia;4.50781;45.48630299999999;10.065812;104;2000;;false;
WSXFP10200LD10194;2024-08-12 09:15:08.094000 +00:00;7C:D9:F4:03:0F:87;LamaTrincia;3.83594;45.48620649999999;10.065924833333334;102.1;2000;;false;
WSXFP10200LD10194;2024-08-12 09:18:32.511000 +00:00;7C:D9:F4:03:0F:87;LamaTrincia;2.27344;45.4861445;10.065779666666668;94.4;4300;;false;
WSXFP10200LD10194;2024-08-12 09:22:00.763000 +00:00;7C:D9:F4:03:0F:87;LamaTrincia;0.554688;45.486112333333324;10.0659775;97;4070;;false;
WSXFP10200LD10194;2024-08-12 09:25:32.495000 +00:00;7C:D9:F4:03:0F:87;LamaTrincia;6.66797;45.486235666666666;10.066022333333335;110.1;4300;;false;
WSXFP10200LD10194;2024-08-12 09:28:59.151000 +00:00;7C:D9:F4:03:0F:87;LamaTrincia;7.26172;45.486205500000004;10.066071166666667;110.5;4300;;false;
WSXFP10200LD10194;2024-08-12 09:32:42.828000 +00:00;7C:D9:F4:03:0F:87;LamaTrincia;5.60547;45.48620583333333;10.065949666666668;104.5;4300;;false;
WSXFP10200LD10194;2024-08-12 09:36:08.112000 +00:00;7C:D9:F4:03:0F:87;LamaTrincia;7.51563;45.48619466666667;10.065831833333334;119.6;2960;;false;
WSXFP10200LD10194;2024-08-12 09:39:21.423000 +00:00;7C:D9:F4:03:0F:87;LamaTrincia;6.85156;45.48626116666666;10.066052166666667;112;4250;;false;
WSXFP10200LD10194;2024-08-12 09:43:08.421000 +00:00;7C:D9:F4:03:0F:87;LamaTrincia;0;45.486183166666656;10.065810333333335;106.1;2960;;false;
WSXFP10200LD10194;2024-08-12 09:43:34.744000 +00:00;7C:D9:F4:03:0F:87;LamaTrincia;5.08984;45.486152499999996;10.065968;103;4300;;false;
WSXFP10200LD10194;2024-08-12 09:45:27.437000 +00:00;7C:D9:F4:03:0F:87;LamaTrincia;0;45.486277333333334;10.066290333333333;105.7;4200;;false;
WSXFP10200LD10194;2024-08-12 09:45:52.656000 +00:00;7C:D9:F4:03:0F:87;LamaTrincia;0.636719;45.48625316666667;10.066281;108.7;2000;;false;
WSXFP10200LD10194;2024-08-12 09:49:26.734000 +00:00;7C:D9:F4:03:0F:87;LamaTrincia;1.89844;45.486181999999985;10.065763999999998;104.8;2000;;false;
WSXFP10200LD10194;2024-08-12 09:57:47.297000 +00:00;7C:D9:F4:03:0F:87;LamaTrincia;0;45.486224666666665;10.065901666666667;95.4;4320;;false;
WSXFP10200LD10194;2024-08-12 09:58:12.715000 +00:00;7C:D9:F4:03:0F:87;LamaTrincia;7.16016;45.486193500000006;10.065940000000001;100.6;2000;;false;
WSXFP10200LD10194;2024-08-12 10:01:53.043000 +00:00;7C:D9:F4:03:0F:87;LamaTrincia;4.11719;45.48619166666667;10.066144000000001;105.5;4260;;false;
WSXFP10200LD10194;2024-08-12 10:04:59.651000 +00:00;7C:D9:F4:03:0F:87;LamaTrincia;12.4023;45.48623166666667;10.066042833333334;113.4;2000;;false;
WSXFP10200LD10194;2024-08-12 11:25:38.942000 +00:00;7C:D9:F4:03:0F:87;LamaTrincia;6.98047;;;;2000;;false;
WSXFP10200LD10194;2024-08-12 11:29:02.314000 +00:00;7C:D9:F4:03:0F:87;LamaTrincia;8.04297;45.486255500000006;10.065956833333333;116.8;2000;;false;
WSXFP10200LD10194;2024-08-12 11:35:33.501000 +00:00;7C:D9:F4:03:0F:87;LamaTrincia;5.375;45.48615083333333;10.065657;115.5;3630;;false;
WSXFP10200LD10194;2024-08-12 11:42:01.672000 +00:00;7C:D9:F4:03:0F:87;LamaTrincia;8.77734;45.486022333333324;10.065975166666666;118.8;3630;;false;
WSXFP10200LD10194;2024-08-12 11:48:52.639000 +00:00;7C:D9:F4:03:0F:87;LamaTrincia;2.13672;45.48610116666667;10.066148666666667;106.8;2000;;false;
WSXFP10200LD10194;2024-08-12 11:55:59.115000 +00:00;7C:D9:F4:03:0F:87;LamaTrincia;0;45.485931666666666;10.0662295;89.5;2960;;false;
WSXFP10200LD10194;2024-08-12 12:08:05.052000 +00:00;7C:D9:F4:03:0F:87;LamaTrincia;0;45.48607933333333;10.066016333333332;106.6;2950;;false;
WSXFP10200LD10194;2024-08-12 12:09:21.808000 +00:00;7C:D9:F4:03:0F:87;LamaTrincia;0.570313;45.486033;10.066012833333332;114.6;3630;;false;
WSXFP10200LD10194;2024-08-12 12:26:24.524000 +00:00;7C:D9:F4:03:0F:87;LamaTrincia;7.69922;45.486056833333336;10.065811;114.4;2000;;false;
WSXFP10200LD10194;2024-08-12 12:30:47.842000 +00:00;7C:D9:F4:03:0F:87;LamaTrincia;0;45.48622433333333;10.066025500000002;92.5;3650;;false;
WSXFP10200LD10194;2024-08-12 12:33:12.181000 +00:00;7C:D9:F4:03:0F:87;LamaTrincia;8.17188;45.48621716666666;10.066050833333332;107.9;2000;;false;
WSXFP10200LD10194;2024-08-12 12:40:05.453000 +00:00;7C:D9:F4:03:0F:87;LamaTrincia;7.58984;45.486232;10.06606;109;3660;;false;
WSXFP10200LD10194;2024-08-12 12:43:31.163000 +00:00;7C:D9:F4:03:0F:87;LamaTrincia;5.71094;45.48614599999999;10.065775666666669;119.1;2000;;false;
WSXFP10200LD10194;2024-08-12 12:46:51.758000 +00:00;7C:D9:F4:03:0F:87;LamaTrincia;7.96875;45.48615533333333;10.065966333333334;120.8;2000;;false;
WSXFP10200LD10194;2024-08-12 12:50:20.257000 +00:00;7C:D9:F4:03:0F:87;LamaTrincia;5.28516;45.48607366666667;10.065815166666665;122.5;3700;;false;
WSXFP10200LD10194;2024-08-12 12:53:46.886000 +00:00;7C:D9:F4:03:0F:87;LamaTrincia;6.71094;45.48611266666667;10.065888666666666;107.7;3660;;false;
WSXFP10200LD10194;2024-08-12 12:57:11.540000 +00:00;7C:D9:F4:03:0F:87;LamaTrincia;0;45.486264999999996;10.066046500000002;119.8;2000;;false;
WSXFP10200LD10194;2024-08-12 13:02:26.406000 +00:00;7C:D9:F4:03:0F:87;LamaTrincia;0.988281;45.486328500000006;10.065926833333334;117.3;2000;;false;
WSXFP10200LD10194;2024-08-12 13:05:54.283000 +00:00;7C:D9:F4:03:0F:87;LamaTrincia;7.69922;45.486072666666665;10.065957833333332;110.4;2000;;false;
WSXFP10200LD10194;2024-08-12 13:09:19.384000 +00:00;7C:D9:F4:03:0F:87;LamaTrincia;3.24609;45.4861415;10.0657205;106.4;2000;;false;
WSXFP10200LD10194;2024-08-12 13:16:12.053000 +00:00;7C:D9:F4:03:0F:87;LamaTrincia;0;45.48631066666667;10.066152333333335;123.8;2000;;false;
WSXFP10200LD10194;2024-08-12 13:18:14.897000 +00:00;7C:D9:F4:03:0F:87;LamaTrincia;5.32813;45.48624349999999;10.0661545;108.7;3670;;false;
WSXFP10200LD10194;2024-08-12 13:21:40.306000 +00:00;7C:D9:F4:03:0F:87;LamaTrincia;9.49219;45.486188;10.065857333333334;113.3;2000;;false;
WSXFP10200LD10194;2024-08-12 13:25:04.894000 +00:00;7C:D9:F4:03:0F:87;LamaTrincia;6.05859;45.486232;10.065731833333333;106.2;2000;;false;
WSXFP10200LD10194;2024-08-12 13:32:07.480000 +00:00;7C:D9:F4:03:0F:87;LamaTrincia;6.69922;45.48605633333333;10.0659185;107.8;2000;;false;
WSXFP10200LD10194;2024-08-12 13:34:50.253000 +00:00;7C:D9:F4:03:0F:87;LamaTrincia;0;45.48623816666667;10.066236166666668;108.6;3730;;false;
WSXFP10200LD10194;2024-08-12 13:35:14.216000 +00:00;7C:D9:F4:03:0F:87;LamaTrincia;6.91406;45.486193500000006;10.066252333333333;108.4;3670;;false;
WSXFP10200LD10194;2024-08-12 13:37:51.815000 +00:00;7C:D9:F4:03:0F:87;LamaTrincia;0;45.486163000000005;10.065718;115.2;3730;;false;
WSXFP10200LD10194;2024-08-12 13:38:19.713000 +00:00;7C:D9:F4:03:0F:87;LamaTrincia;6.56641;45.48622099999999;10.065957666666666;117.4;3090;;false;
WSXFP10200LD10194;2024-08-12 13:45:13.425000 +00:00;7C:D9:F4:03:0F:87;LamaTrincia;7.66797;45.48631666666667;10.0658555;92.6;3700;;false;
WSXFP10200LD10194;2024-08-12 13:48:39.106000 +00:00;7C:D9:F4:03:0F:87;LamaTrincia;5.47656;45.486099;10.065977333333333;101.6;3710;;false;
WSXFP10200LD10194;2024-08-12 13:52:01.053000 +00:00;7C:D9:F4:03:0F:87;LamaTrincia;7.21875;45.48610183333333;10.065911166666664;111.8;3660;;false;
WSXFP10200LD10194;2024-08-12 13:55:59.739000 +00:00;7C:D9:F4:03:0F:87;LamaTrincia;6.08203;45.48622099999999;10.066282166666666;99.8;3740;;false;
WSXFP10200LD10194;2024-08-12 14:02:19.782000 +00:00;7C:D9:F4:03:0F:87;LamaTrincia;7.51953;45.486275166666665;10.066010166666667;107.9;2960;;false;
WSXFP10200LD10194;2024-08-12 14:05:43.808000 +00:00;7C:D9:F4:03:0F:87;LamaTrincia;5.98047;45.48614816666666;10.066087499999998;95.3;3750;;false;
WSXFP10200LD10194;2024-08-12 14:09:39.092000 +00:00;7C:D9:F4:03:0F:87;LamaTrincia;9.00781;45.486152833333335;10.066178333333333;103.3;3640;;false;
WSXFP10200LD10194;2024-08-12 14:12:52.276000 +00:00;7C:D9:F4:03:0F:87;LamaTrincia;4.74609;45.48616350000001;10.066175333333334;94.4;3640;;false;
WSXFP10200LD10194;2024-08-12 14:16:23.088000 +00:00;7C:D9:F4:03:0F:87;LamaTrincia;4.32813;45.48606483333332;10.065926;101.8;3640;;false;
WSXFP10200LD10194;2024-08-12 14:19:45.427000 +00:00;7C:D9:F4:03:0F:87;LamaTrincia;6.77734;45.4861425;10.065892166666668;111;2960;;false;
WSXFP10200LD10194;2024-08-12 14:23:10.456000 +00:00;7C:D9:F4:03:0F:87;LamaTrincia;7.38672;45.486115500000004;10.065980166666666;109.2;2000;;false;
WSXFP10200LD10194;2024-08-12 14:26:50.875000 +00:00;7C:D9:F4:03:0F:87;LamaTrincia;3.42578;45.48626816666667;10.066090666666666;94.7;2000;;false;
WSXFP10200LD10194;2024-08-12 14:29:43.554000 +00:00;7C:D9:F4:03:0F:87;LamaTrincia;2.88672;45.48623466666667;10.066067166666667;110;3730;;false;
WSXFP10200LD10194;2024-08-12 14:33:11.579000 +00:00;7C:D9:F4:03:0F:87;LamaTrincia;8.04688;45.48622433333333;10.0659055;106.7;3690;;false;
WSXFP10200LD10194;2024-08-12 14:36:37.140000 +00:00;7C:D9:F4:03:0F:87;LamaTrincia;5.85156;45.48618866666667;10.066132666666666;97.2;2000;;false;
WSXFP10200LD10194;2024-08-12 14:40:04.257000 +00:00;7C:D9:F4:03:0F:87;LamaTrincia;7.88672;45.486181;10.066144166666668;97;3750;;false;
WSXFP10200LD10194;2024-08-12 14:43:29.362000 +00:00;7C:D9:F4:03:0F:87;LamaTrincia;8.32813;45.486254666666674;10.066106500000002;95.6;3090;;false;
WSXFP10200LD10194;2024-08-12 14:44:43.059000 +00:00;7C:D9:F4:03:0F:87;LamaTrincia;0;45.486360833333336;10.066154;96.6;3750;;false;
WSXFP10200LD10194;2024-08-12 14:48:50.704000 +00:00;7C:D9:F4:03:0F:87;LamaTrincia;5.08984;45.48636716666666;10.066117833333333;103.5;3760;;false;
WSXFP10200LD10194;2024-08-12 14:52:16.197000 +00:00;7C:D9:F4:03:0F:87;LamaTrincia;6.76953;45.48622133333333;10.065975833333333;105.9;3750;;false;
WSXFP10200LD10194;2024-08-12 14:53:45.452000 +00:00;7C:D9:F4:03:0F:87;LamaTrincia;0;45.48626016666667;10.065930666666665;109.1;3730;;false;
WSXFP10200LD10194;2024-08-12 15:00:49.424000 +00:00;7C:D9:F4:03:0F:87;LamaTrincia;1.48828;45.48619383333333;10.065916666666666;109.4;3800;;false;
WSXFP10200LD10194;2024-08-12 15:03:06.272000 +00:00;7C:D9:F4:03:0F:87;LamaTrincia;1.33984;45.486319;10.0661705;106.7;3820;;false;
WSXFP10200LD10194;2024-08-12 15:06:30.917000 +00:00;7C:D9:F4:03:0F:87;LamaTrincia;7.51563;45.48620416666667;10.065952666666668;112.9;3760;;false;
WSXFP10200LD10194;2024-08-12 15:09:57.844000 +00:00;7C:D9:F4:03:0F:87;LamaTrincia;7.80859;45.4862155;10.065972333333333;109.2;2000;;false;
WSXFP10200LD10194;2024-08-12 15:13:25.361000 +00:00;7C:D9:F4:03:0F:87;LamaTrincia;8.47656;45.48619149999999;10.066070166666666;105.9;2950;;false;
WSXFP10200LD10194;2024-08-12 15:20:14.658000 +00:00;7C:D9:F4:03:0F:87;LamaTrincia;2.49219;45.48613600000001;10.066142333333334;103.8;2030;;false;
WSXFP10200LD10194;2024-08-12 15:23:46.540000 +00:00;7C:D9:F4:03:0F:87;LamaTrincia;8.79688;45.486237499999994;10.066052333333332;100;3820;;false;
WSXFP10200LD10194;2024-08-12 15:29:07.121000 +00:00;7C:D9:F4:03:0F:87;LamaTrincia;0;45.4862075;10.0659095;98.3;3090;;false;
WSXFP10200LD10194;2024-08-12 15:29:55.283000 +00:00;7C:D9:F4:03:0F:87;LamaTrincia;0.777344;45.486243;10.065898833333332;105.4;0;;false;
WSXFP10200LD10194;2024-08-12 15:36:50.803000 +00:00;7C:D9:F4:03:0F:87;LamaTrincia;5.16016;45.48623666666668;10.065769833333333;110.7;2000;;false;
WSXFP10200LD10194;2024-08-12 15:43:46.756000 +00:00;7C:D9:F4:03:0F:87;LamaTrincia;5.98047;45.48600566666668;10.066022;132.4;3750;;false;
WSXFP10200LD10194;2024-08-12 15:47:13.722000 +00:00;7C:D9:F4:03:0F:87;LamaTrincia;7.09766;45.48614550000001;10.066098833333333;111.8;3670;;false;
WSXFP10200LD10194;2024-08-12 15:50:34.497000 +00:00;7C:D9:F4:03:0F:87;LamaTrincia;8.66797;45.48620366666667;10.065945;101.3;3850;;false;
WSXFP10200LD10194;2024-08-12 15:53:59.413000 +00:00;7C:D9:F4:03:0F:87;LamaTrincia;5.98047;45.48625699999999;10.06599916666667;108;2000;;false;
WSXFP10200LD10194;2024-08-12 15:57:28.000000 +00:00;7C:D9:F4:03:0F:87;LamaTrincia;5.79688;45.48623783333335;10.066049666666666;107.6;3850;;false;
WSXFP10200LD10194;2024-08-12 16:00:59.611000 +00:00;7C:D9:F4:03:0F:87;LamaTrincia;5.80859;45.48624066666667;10.065934999999998;111.6;2000;;false;
WSXFP10200LD10194;2024-08-12 16:06:05.386000 +00:00;7C:D9:F4:03:0F:87;LamaTrincia;0;45.48623466666667;10.065862666666666;96.3;2960;;false;
WSXFP10200LD10194;2024-08-12 16:09:19.127000 +00:00;7C:D9:F4:03:0F:87;LamaTrincia;6.54297;45.486083166666674;10.066008499999999;98.8;3890;;false;
WSXFP10200LD10194;2024-08-12 16:12:53.724000 +00:00;7C:D9:F4:03:0F:87;LamaTrincia;6.99219;45.4861245;10.065913000000002;95.9;3830;;false;
WSXFP10200LD10194;2024-08-12 16:16:31.072000 +00:00;7C:D9:F4:03:0F:87;LamaTrincia;7.01563;45.48615633333334;10.066098833333333;106.4;3850;;false;
WSXFP10200LD10194;2024-08-12 16:20:23.507000 +00:00;7C:D9:F4:03:0F:87;LamaTrincia;0;45.48629116666666;10.0658285;116.4;2000;;false;
WSXFP10200LD10194;2024-08-12 16:21:24.859000 +00:00;7C:D9:F4:03:0F:87;LamaTrincia;3.30078;45.486273;10.065865500000001;105.9;2030;;false;
WSXFP10200LD10194;2024-08-12 16:25:00.608000 +00:00;7C:D9:F4:03:0F:87;LamaTrincia;6.63672;45.486219166666665;10.065938833333332;106.4;3090;;false;
WSXFP10200LD10194;2024-08-12 16:28:27.686000 +00:00;7C:D9:F4:03:0F:87;LamaTrincia;1.76953;45.48623550000001;10.065842999999997;107;3860;;false;
WSXFP10200LD10194;2024-08-12 16:32:24.569000 +00:00;7C:D9:F4:03:0F:87;LamaTrincia;7.64453;45.48614816666666;10.065858833333333;112;2000;;false;
WSXFP10200LD10194;2024-08-12 16:39:24.104000 +00:00;7C:D9:F4:03:0F:87;LamaTrincia;8.375;45.486037666666675;10.066087333333332;77.8;4330;;false;
WSXFP10200LD10194;2024-08-12 16:42:31.306000 +00:00;7C:D9:F4:03:0F:87;LamaTrincia;8.68359;45.48614066666667;10.065966;80.9;3890;;false;
WSXFP10200LD10194;2024-08-12 16:46:07.285000 +00:00;7C:D9:F4:03:0F:87;LamaTrincia;41.6602;45.489169999999994;10.064847833333333;107.2;3820;;false;
WSXFP10200LD10194;2024-08-12 16:53:05.362000 +00:00;7C:D9:F4:03:0F:87;LamaTrincia;2.42578;45.49076033333334;10.044281833333333;81.3;2000;;false;
WSXFP10200LD10194;2024-08-12 16:54:06.004000 +00:00;7C:D9:F4:03:0F:87;LamaTrincia;0;45.49072533333332;10.044247;85.5;2960;;false;
WSXFP10200LD10194;2024-08-13 11:19:55.290000 +00:00;7C:D9:F4:03:0F:87;LamaTrincia;0;45.49066616666668;10.044091166666668;174.7;2000;;false;
WSXFP10200LD10194;2024-08-13 12:09:10.763000 +00:00;7C:D9:F4:03:0F:87;LamaTrincia;0;45.49066666666666;10.044154500000001;140.4;3400;;false;
WSXFP10200LD10194;2024-08-13 15:50:13.527000 +00:00;7C:D9:F4:03:0F:87;LamaTrincia;5.33984;45.490844;10.044471666666666;104.8;2000;;false;
WSXFP10200LD10194;2024-08-14 06:59:42.837000 +00:00;7C:D9:F4:00:C1:FB;Carro37;0;45.49055666666666;10.045747333333331;132.9;2000;;false;
WSXFP10200LD10194;2024-08-14 06:59:58.632000 +00:00;7C:D9:F4:03:0F:87;LamaTrincia;0;45.490571;10.045745;130.3;2950;;false;
WSXFP10200LD10194;2024-08-14 07:02:38.501000 +00:00;7C:D9:F4:00:C1:FB;Carro37;7.59766;45.49059166666666;10.045824166666666;119.6;2010;;false;
WSXFP10200LD10194;2024-08-14 07:25:43.727000 +00:00;7C:D9:F4:00:C1:FB;Carro37;0;45.49047833333334;10.044471833333333;126;2000;;false;
WSXFP10200LD10194;2024-08-14 08:16:41.556000 +00:00;7C:D9:F4:03:0F:87;LamaTrincia;13.1563;45.49064333333334;10.045934999999998;94.8;2950;;false;
WSXFP10200LD10194;2024-08-14 08:20:11.767000 +00:00;7C:D9:F4:03:0F:87;LamaTrincia;5.85156;45.49072366666666;10.046036166666665;116.2;2000;;false;
WSXFP10200LD10194;2024-08-14 08:23:46.666000 +00:00;7C:D9:F4:03:0F:87;LamaTrincia;2.35156;45.490952;10.046108333333331;122.1;2000;;false;
WSXFP10200LD10194;2024-08-14 08:27:30.495000 +00:00;7C:D9:F4:03:0F:87;LamaTrincia;4.12109;45.49057883333333;10.045979833333334;124.9;3090;;false;
WSXFP10200LD10194;2024-08-14 08:30:58.538000 +00:00;7C:D9:F4:01:8F:EE;Botte;1.57031;45.49073383333333;10.046124;109;3770;;false;
WSXFP10200LD10194;2024-08-14 08:34:02.135000 +00:00;7C:D9:F4:01:8F:EE;Botte;1.30078;45.490895833333326;10.046177666666667;115.7;2000;;false;
WSXFP10200LD10194;2024-08-14 08:37:28.743000 +00:00;7C:D9:F4:01:8F:EE;Botte;6.94141;45.49081566666667;10.045975333333331;106.3;2000;;false;
WSXFP10200LD10194;2024-08-14 08:40:56.163000 +00:00;7C:D9:F4:01:8F:EE;Botte;5.08984;45.49074316666667;10.045969000000001;118.5;3100;;false;
WSXFP10200LD10194;2024-08-14 08:44:27.552000 +00:00;7C:D9:F4:03:0F:87;LamaTrincia;6.54688;45.490716;10.046057333333334;123;2000;;false;
WSXFP10200LD10194;2024-08-14 08:44:42.172000 +00:00;7C:D9:F4:01:8F:EE;Botte;5.00781;45.490838000000004;10.046101833333333;118.1;2000;;false;
WSXFP10200LD10194;2024-08-14 08:52:23.875000 +00:00;7C:D9:F4:00:C1:FB;Carro37;13.5664;45.490489333333336;10.044436333333335;92.9;3150;;false;
WSXFP10200LD10194;2024-08-14 08:55:33.462000 +00:00;7C:D9:F4:03:0F:87;LamaTrincia;9.60938;45.490710333333325;10.046153333333333;111.9;3170;;false;
WSXFP10200LD10194;2024-08-14 08:55:51.056000 +00:00;7C:D9:F4:01:8F:EE;Botte;2.70703;45.49094883333334;10.046164333333335;114.6;2010;;false;
WSXFP10200LD10194;2024-08-14 09:03:09.146000 +00:00;7C:D9:F4:03:0F:87;LamaTrincia;5.96875;45.490908833333336;10.046146333333335;115;2000;;false;
WSXFP10200LD10194;2024-08-14 09:03:24.550000 +00:00;7C:D9:F4:01:8F:EE;Botte;8.19922;45.490817166666666;10.045996833333334;106.4;4480;;false;
WSXFP10200LD10194;2024-08-14 09:06:56.850000 +00:00;7C:D9:F4:01:8F:EE;Botte;9.36328;45.49078450000001;10.046044000000002;103.6;2000;;false;
WSXFP10200LD10194;2024-08-14 09:08:34.395000 +00:00;7C:D9:F4:03:0F:87;LamaTrincia;0;45.49065683333333;10.046135833333333;109.1;3770;;false;
WSXFP10200LD10194;2024-08-14 09:09:15.345000 +00:00;7C:D9:F4:03:0F:87;LamaTrincia;2.66797;45.490634;10.046201833333335;104;3770;;false;
WSXFP10200LD10194;2024-08-14 09:09:16.196000 +00:00;7C:D9:F4:01:8F:EE;Botte;2.66797;45.490634;10.046201833333335;104;3240;;false;
WSXFP10200LD10194;2024-08-14 09:12:54.621000 +00:00;7C:D9:F4:01:8F:EE;Botte;4.06641;45.49083600000001;10.046135999999999;107.5;3200;;false;
WSXFP10200LD10194;2024-08-14 09:16:23.179000 +00:00;7C:D9:F4:03:0F:87;LamaTrincia;0.238281;45.49070799999999;10.046116166666668;106.4;3130;;false;
WSXFP10200LD10194;2024-08-14 09:16:26.300000 +00:00;7C:D9:F4:01:8F:EE;Botte;1.26953;45.490731666666676;10.046116666666668;107.6;2000;;false;
WSXFP10200LD10194;2024-08-14 09:21:18.835000 +00:00;7C:D9:F4:03:0F:87;LamaTrincia;0;45.49087316666667;10.046070333333335;139.6;3090;;false;
WSXFP10200LD10194;2024-08-14 09:22:53.546000 +00:00;7C:D9:F4:03:0F:87;LamaTrincia;0.847656;45.49081533333334;10.046144333333332;114.1;2950;;false;
WSXFP10200LD10194;2024-08-14 09:23:09.579000 +00:00;7C:D9:F4:01:8F:EE;Botte;5.53125;45.4908515;10.046101333333333;113.7;2950;;false;
WSXFP10200LD10194;2024-08-14 09:30:43.133000 +00:00;7C:D9:F4:01:8F:EE;Botte;3.23828;45.490938333333325;10.046103833333332;117.5;2000;;false;
WSXFP10200LD10194;2024-08-14 09:33:56.591000 +00:00;7C:D9:F4:03:0F:87;LamaTrincia;7.92578;45.490737499999994;10.046111666666668;116.3;3110;;false;
WSXFP10200LD10194;2024-08-14 09:37:22.860000 +00:00;7C:D9:F4:03:0F:87;LamaTrincia;6.76953;45.490591166666675;10.045946833333334;101.2;3240;;false;
WSXFP10200LD10194;2024-08-14 09:40:33.558000 +00:00;7C:D9:F4:03:0F:87;LamaTrincia;0.734375;45.49066200000001;10.045926999999999;97.9;3090;;false;
WSXFP10200LD10194;2024-08-14 09:47:08.887000 +00:00;7C:D9:F4:03:0F:87;LamaTrincia;3.83594;45.49086533333334;10.045988166666667;104.8;3200;;false;
WSXFP10200LD10194;2024-08-14 09:50:14.483000 +00:00;7C:D9:F4:03:0F:87;LamaTrincia;2.42578;45.490846833333336;10.046255166666667;115.9;3200;;false;
WSXFP10200LD10194;2024-08-14 09:53:43.123000 +00:00;7C:D9:F4:03:0F:87;LamaTrincia;0.363281;45.490703;10.046040666666668;133;2950;;false;
WSXFP10200LD10194;2024-08-14 09:56:47.581000 +00:00;7C:D9:F4:03:0F:87;LamaTrincia;0;45.49081800000001;10.045979833333334;126.7;3230;;false;
WSXFP10200LD10194;2024-08-14 09:58:51.135000 +00:00;7C:D9:F4:03:0F:87;LamaTrincia;1.51563;45.49096383333334;10.046269333333333;110.4;3130;;false;
WSXFP10200LD10194;2024-08-14 10:00:44.139000 +00:00;7C:D9:F4:03:0F:87;LamaTrincia;0;45.490686999999994;10.046139666666667;118.6;2000;;false;
WSXFP10200LD10194;2024-08-14 10:01:35.171000 +00:00;7C:D9:F4:03:0F:87;LamaTrincia;3.10547;45.490972500000005;10.046136666666667;119.8;2000;;false;
WSXFP10200LD10194;2024-08-14 10:05:09.005000 +00:00;7C:D9:F4:03:0F:87;LamaTrincia;1.1875;45.490698166666675;10.045960166666665;120.6;3280;;false;
WSXFP10200LD10194;2024-08-14 10:11:22.879000 +00:00;7C:D9:F4:03:0F:87;LamaTrincia;0;45.490839666666666;10.046043666666668;125.1;3240;;false;
WSXFP10200LD10194;2024-08-14 10:14:36.657000 +00:00;7C:D9:F4:03:0F:87;LamaTrincia;1.79688;45.49082966666667;10.046045333333332;116.1;3150;;false;
WSXFP10200LD10194;2024-08-14 10:18:29.620000 +00:00;7C:D9:F4:03:0F:87;LamaTrincia;0.589844;45.49081849999999;10.045937166666667;124.8;2960;;false;
WSXFP10200LD10194;2024-08-14 10:25:49.503000 +00:00;7C:D9:F4:03:0F:87;LamaTrincia;7.04688;45.49081849999999;10.04610916666667;117.8;3260;;false;
WSXFP10200LD10194;2024-08-14 10:34:58.452000 +00:00;7C:D9:F4:03:0F:87;LamaTrincia;0;45.49081283333333;10.044698166666667;119.6;2000;;false;
WSXFP10200LD10194;2024-08-14 11:45:34.668000 +00:00;7C:D9:F4:03:0F:87;LamaTrincia;3.96875;45.49068033333333;10.046098833333334;99.9;2010;;false;
WSXFP10200LD10194;2024-08-14 11:45:36.263000 +00:00;7C:D9:F4:01:8F:EE;Botte;6.44141;45.490687333333334;10.046097833333333;100.3;2000;;false;
WSXFP10200LD10194;2024-08-14 11:49:28.198000 +00:00;7C:D9:F4:01:8F:EE;Botte;6.26172;45.490772666666665;10.046237833333333;127.1;2010;;false;
WSXFP10200LD10194;2024-08-14 11:49:30.081000 +00:00;7C:D9:F4:03:0F:87;LamaTrincia;6.33594;45.490734333333336;10.046230666666665;126.5;2860;;false;
WSXFP10200LD10194;2024-08-14 11:53:03.535000 +00:00;7C:D9:F4:03:0F:87;LamaTrincia;3.20703;45.49085866666667;10.046213333333332;123.4;0;;false;
WSXFP10200LD10194;2024-08-14 11:56:30.811000 +00:00;7C:D9:F4:03:0F:87;LamaTrincia;7.01563;45.49066533333333;10.0461275;103;2000;;false;
WSXFP10200LD10194;2024-08-14 11:56:33.148000 +00:00;7C:D9:F4:01:8F:EE;Botte;7.16797;45.490621499999996;10.046110833333334;102.6;2000;;false;
WSXFP10200LD10194;2024-08-14 12:00:17.610000 +00:00;7C:D9:F4:03:0F:87;LamaTrincia;7.14844;45.49077616666667;10.045984833333334;98.9;2860;;false;
WSXFP10200LD10194;2024-08-14 12:04:15.852000 +00:00;7C:D9:F4:01:8F:EE;Botte;0.046875;45.49089166666666;10.045983333333334;98.8;2010;;false;
WSXFP10200LD10194;2024-08-14 12:06:26.590000 +00:00;7C:D9:F4:03:0F:87;LamaTrincia;0;45.490574;10.045677166666668;90.6;2050;;false;
WSXFP10200LD10194;2024-08-14 12:07:07.856000 +00:00;7C:D9:F4:01:8F:EE;Botte;2.04297;45.49079566666666;10.046035833333335;103.5;2010;;false;
WSXFP10200LD10194;2024-08-14 12:10:28.039000 +00:00;7C:D9:F4:03:0F:87;LamaTrincia;6.76953;45.490806166666665;10.046182;111;2000;;false;
WSXFP10200LD10194;2024-08-14 12:13:52.116000 +00:00;7C:D9:F4:03:0F:87;LamaTrincia;7.58984;45.490817166666666;10.046092833333335;102.1;2860;;false;
WSXFP10200LD10194;2024-08-14 12:17:49.690000 +00:00;7C:D9:F4:03:0F:87;LamaTrincia;5.71094;45.49079716666667;10.045872499999998;95.8;2050;;false;
WSXFP10200LD10194;2024-08-14 12:21:26.732000 +00:00;7C:D9:F4:01:8F:EE;Botte;5.68359;45.490879833333345;10.046088666666666;107.8;3000;;false;
WSXFP10200LD10194;2024-08-14 12:24:55.595000 +00:00;7C:D9:F4:03:0F:87;LamaTrincia;5.30859;45.49093816666667;10.045950500000002;91.1;2000;;false;
WSXFP10200LD10194;2024-08-14 12:28:35.862000 +00:00;7C:D9:F4:03:0F:87;LamaTrincia;4.63672;45.490882666666664;10.046080833333333;95.4;2050;;false;
WSXFP10200LD10194;2024-08-14 12:35:17.510000 +00:00;7C:D9:F4:01:8F:EE;Botte;7.91797;45.49081766666666;10.046221833333334;115;3220;;false;
WSXFP10200LD10194;2024-08-14 12:42:13.417000 +00:00;7C:D9:F4:01:8F:EE;Botte;6.19531;45.49079950000001;10.045997999999999;111.7;2060;;false;
WSXFP10200LD10194;2024-08-14 12:42:14.073000 +00:00;7C:D9:F4:03:0F:87;LamaTrincia;6.12891;45.490782;10.045994833333332;111.6;2000;;false;
WSXFP10200LD10194;2024-08-14 12:45:45.451000 +00:00;7C:D9:F4:03:0F:87;LamaTrincia;7.25781;45.49084066666666;10.046151;117.2;2000;;false;
WSXFP10200LD10194;2024-08-14 12:49:31.871000 +00:00;7C:D9:F4:03:0F:87;LamaTrincia;8.1875;45.490808;10.045982166666665;106.7;2010;;false;
WSXFP10200LD10194;2024-08-14 12:52:29.684000 +00:00;7C:D9:F4:03:0F:87;LamaTrincia;0;45.49058483333333;10.045872666666668;115.9;2000;;false;
WSXFP10200LD10194;2024-08-14 12:53:02.469000 +00:00;7C:D9:F4:03:0F:87;LamaTrincia;8.16016;45.49081383333334;10.046171333333334;124.8;2000;;false;
WSXFP10200LD10194;2024-08-14 12:59:44.089000 +00:00;7C:D9:F4:03:0F:87;LamaTrincia;6.26953;45.490721666666666;10.0458975;106;2060;;false;
WSXFP10200LD10194;2024-08-14 13:01:01.331000 +00:00;7C:D9:F4:03:0F:87;LamaTrincia;0;45.49053666666667;10.045850833333333;93.5;2000;;false;
WSXFP10200LD10194;2024-08-14 13:08:14.993000 +00:00;7C:D9:F4:03:0F:87;LamaTrincia;0;45.49047716666667;10.046048333333331;108.2;2000;;false;
WSXFP10200LD10194;2024-08-14 13:08:15.444000 +00:00;7C:D9:F4:01:8F:EE;Botte;0;45.49047716666667;10.046048333333331;108.2;2120;;false;
WSXFP10200LD10194;2024-08-14 13:09:22.438000 +00:00;7C:D9:F4:01:8F:EE;Botte;0.722656;45.49052966666667;10.046131666666668;119.4;2470;;false;
WSXFP10200LD10194;2024-08-14 13:09:23.306000 +00:00;7C:D9:F4:03:0F:87;LamaTrincia;0.722656;45.490531833333335;10.046135666666668;119.2;2120;;false;
WSXFP10200LD10194;2024-08-14 13:19:32.890000 +00:00;7C:D9:F4:00:C1:FB;Carro37;7.47656;45.490602333333335;10.046125833333335;99.5;2860;;false;
WSXFP10200LD10194;2024-08-14 13:30:00.873000 +00:00;7C:D9:F4:03:0F:87;LamaTrincia;6.91406;45.49072883333333;10.045991333333335;111.9;2060;;false;
WSXFP10200LD10194;2024-08-14 13:33:41.785000 +00:00;7C:D9:F4:03:0F:87;LamaTrincia;4.62109;45.490896000000006;10.045993000000001;101.2;2000;;false;
WSXFP10200LD10194;2024-08-14 13:33:42.657000 +00:00;7C:D9:F4:01:8F:EE;Botte;4.71094;45.490868666666664;10.045992166666666;101.8;2860;;false;
WSXFP10200LD10194;2024-08-14 13:37:13.207000 +00:00;7C:D9:F4:03:0F:87;LamaTrincia;6.94922;45.49065933333333;10.046209166666667;108.9;2060;;false;
WSXFP10200LD10194;2024-08-14 13:40:48.494000 +00:00;7C:D9:F4:01:8F:EE;Botte;1.28516;45.49082833333333;10.046121833333332;110.6;2860;;false;
WSXFP10200LD10194;2024-08-14 13:40:49.461000 +00:00;7C:D9:F4:03:0F:87;LamaTrincia;2.00781;45.490833333333335;10.046123333333332;110.8;2000;;false;
WSXFP10200LD10194;2024-08-14 13:56:31.122000 +00:00;7C:D9:F4:01:8F:EE;Botte;1.12891;45.490412500000005;10.046059166666668;112.3;2120;;false;
WSXFP10200LD10194;2024-08-14 13:56:31.513000 +00:00;7C:D9:F4:03:0F:87;LamaTrincia;1.12891;45.490412500000005;10.046059166666668;112.3;2140;;false;
WSXFP10200LD10194;2024-08-14 14:03:47.865000 +00:00;7C:D9:F4:03:0F:87;LamaTrincia;6.9375;45.49075016666668;10.046176666666668;107.4;2100;;false;
WSXFP10200LD10194;2024-08-14 14:10:33.989000 +00:00;7C:D9:F4:03:0F:87;LamaTrincia;6.75781;45.4906765;10.046129666666666;103.8;2060;;false;
WSXFP10200LD10194;2024-08-14 14:13:46.780000 +00:00;7C:D9:F4:03:0F:87;LamaTrincia;2.09375;45.490817166666666;10.046206166666668;103;2000;;false;
WSXFP10200LD10194;2024-08-14 14:19:47.776000 +00:00;7C:D9:F4:01:8F:EE;Botte;0;45.490354333333336;10.046047499999998;94.6;2220;;false;
WSXFP10200LD10194;2024-08-14 14:21:07.725000 +00:00;7C:D9:F4:03:0F:87;LamaTrincia;6.64453;45.490439333333335;10.046062833333332;104.6;2220;;false;
WSXFP10200LD10194;2024-08-14 14:24:38.670000 +00:00;7C:D9:F4:03:0F:87;LamaTrincia;7.24609;45.490707166666674;10.045956666666665;111.4;2000;;false;
WSXFP10200LD10194;2024-08-14 14:32:16.808000 +00:00;7C:D9:F4:03:0F:87;LamaTrincia;0;45.490492833333334;10.045883166666666;75.9;2860;;false;
WSXFP10200LD10194;2024-08-14 14:33:33.015000 +00:00;7C:D9:F4:01:8F:EE;Botte;7.88672;45.490765833333334;10.046085166666666;78;3600;;false;
WSXFP10200LD10194;2024-08-14 14:36:30.174000 +00:00;7C:D9:F4:00:C1:FB;Carro37;0;45.490479;10.046070833333332;99.5;2240;;false;
WSXFP10200LD10194;2024-08-14 14:36:31.550000 +00:00;7C:D9:F4:03:0F:87;LamaTrincia;0;45.490481499999994;10.046068333333332;99.5;3000;;false;
WSXFP10200LD10194;2024-08-14 14:37:24.323000 +00:00;7C:D9:F4:03:0F:87;LamaTrincia;3.32813;45.49053433333333;10.046055333333333;99;2150;;false;
WSXFP10200LD10194;2024-08-14 14:41:20.413000 +00:00;7C:D9:F4:03:0F:87;LamaTrincia;6.27344;45.49054416666666;10.045915333333332;115;2000;;false;
WSXFP10200LD10194;2024-08-14 14:45:07.091000 +00:00;7C:D9:F4:01:8F:EE;Botte;6.21875;45.49073483333333;10.046172666666667;137.6;2210;;false;
WSXFP10200LD10194;2024-08-14 14:48:50.082000 +00:00;7C:D9:F4:03:0F:87;LamaTrincia;1.96484;45.490678333333335;10.0461145;107.5;2860;;false;
WSXFP10200LD10194;2024-08-14 14:51:22.869000 +00:00;7C:D9:F4:03:0F:87;LamaTrincia;0;45.4907835;10.046096833333333;112.7;2210;;false;
WSXFP10200LD10194;2024-08-14 14:51:30.239000 +00:00;7C:D9:F4:03:0F:87;LamaTrincia;0.667969;45.49077616666667;10.04610916666667;112.3;2240;;false;
WSXFP10200LD10194;2024-08-14 14:55:20.672000 +00:00;7C:D9:F4:03:0F:87;LamaTrincia;6.69922;45.4907725;10.046054999999999;80.3;2240;;false;
WSXFP10200LD10194;2024-08-14 14:55:38.642000 +00:00;7C:D9:F4:01:8F:EE;Botte;3.24609;45.490874500000004;10.046074833333334;83.7;2000;;false;
WSXFP10200LD10194;2024-08-14 14:59:07.338000 +00:00;7C:D9:F4:01:8F:EE;Botte;6.63281;45.49073383333333;10.046003166666667;108.6;2010;;false;
WSXFP10200LD10194;2024-08-14 15:05:49.179000 +00:00;7C:D9:F4:01:8F:EE;Botte;5.38672;45.49096316666668;10.045998833333334;107.6;2860;;false;
WSXFP10200LD10194;2024-08-14 15:09:25.004000 +00:00;7C:D9:F4:03:0F:87;LamaTrincia;8.25;45.4907485;10.046083166666667;91.9;2240;;false;
WSXFP10200LD10194;2024-08-14 15:16:26.220000 +00:00;7C:D9:F4:03:0F:87;LamaTrincia;8.82422;45.49083016666666;10.046133333333334;112.1;2860;;false;
WSXFP10200LD10194;2024-08-14 15:20:05.329000 +00:00;7C:D9:F4:03:0F:87;LamaTrincia;2.47656;45.49063566666666;10.045953500000001;106.9;4240;;false;
WSXFP10200LD10194;2024-08-14 15:20:21.126000 +00:00;7C:D9:F4:01:8F:EE;Botte;6.98047;45.49081083333334;10.0460005;110;2000;;false;
WSXFP10200LD10194;2024-08-14 15:24:52.276000 +00:00;7C:D9:F4:01:8F:EE;Botte;0;45.49087116666666;10.046051666666665;105;2000;;false;
WSXFP10200LD10194;2024-08-14 15:25:51.331000 +00:00;7C:D9:F4:01:8F:EE;Botte;0.949219;45.490865666666664;10.046064500000002;103.6;2000;;false;
WSXFP10200LD10194;2024-08-14 15:29:52.078000 +00:00;7C:D9:F4:03:0F:87;LamaTrincia;7.35156;45.49080850000001;10.046117833333334;116.2;2310;;false;
WSXFP10200LD10194;2024-08-14 15:33:08.519000 +00:00;7C:D9:F4:03:0F:87;LamaTrincia;6.875;45.490826500000004;10.046082833333333;99.4;2000;;false;
WSXFP10200LD10194;2024-08-14 15:39:43.748000 +00:00;7C:D9:F4:01:8F:EE;Botte;7.30078;45.49082283333334;10.0461;112.1;2000;;false;
WSXFP10200LD10194;2024-08-14 15:42:53.438000 +00:00;7C:D9:F4:01:8F:EE;Botte;0.25;45.49090866666667;10.045988166666667;100;2000;;false;
WSXFP10200LD10194;2024-08-14 15:46:18.348000 +00:00;7C:D9:F4:03:0F:87;LamaTrincia;5.11719;45.490869666666676;10.0459985;93.1;2330;;false;
WSXFP10200LD10194;2024-08-14 15:46:21.841000 +00:00;7C:D9:F4:01:8F:EE;Botte;6.63281;45.49082083333333;10.045995;94.8;2000;;false;
WSXFP10200LD10194;2024-08-14 15:50:14.659000 +00:00;7C:D9:F4:01:8F:EE;Botte;7.90625;45.490744;10.046149;121.2;4240;;false;
WSXFP10200LD10194;2024-08-14 15:53:26.043000 +00:00;7C:D9:F4:01:8F:EE;Botte;7.30078;45.49076183333334;10.046141333333333;115.5;2360;;false;
WSXFP10200LD10194;2024-08-14 15:57:14.078000 +00:00;7C:D9:F4:01:8F:EE;Botte;4.85156;45.49087016666667;10.046064500000002;108.3;2000;;false;
WSXFP10200LD10194;2024-08-14 16:00:28.218000 +00:00;7C:D9:F4:00:C1:FB;Carro37;1.83594;45.49079766666667;10.046008666666667;106.1;2000;;false;
WSXFP10200LD10194;2024-08-14 16:00:42.003000 +00:00;7C:D9:F4:03:0F:87;LamaTrincia;0.0820313;45.4908895;10.045952166666666;97.4;0;;false;
WSXFP10200LD10194;2024-08-14 16:04:07.911000 +00:00;7C:D9:F4:01:8F:EE;Botte;0.851563;45.49091133333333;10.046228500000002;108.7;2000;;false;
WSXFP10200LD10194;2024-08-14 16:15:18.150000 +00:00;7C:D9:F4:03:0F:87;LamaTrincia;8.62109;45.490693166666674;10.046048500000001;105.7;3000;;false;
WSXFP10200LD10194;2024-08-16 05:04:08.380000 +00:00;7C:D9:F4:01:8F:EE;Botte;0;45.4914465;10.046506833333332;126.9;2000;;false;
WSXFP10200LD10194;2024-08-16 05:09:15.941000 +00:00;7C:D9:F4:01:8F:EE;Botte;0.746094;45.491488499999996;10.046493499999999;132.9;2000;;false;
WSXFP10200LD10194;2024-08-16 05:10:17.617000 +00:00;7C:D9:F4:01:8F:EE;Botte;0;45.49138183333332;10.046469;114.8;2830;;false;
WSXFP10200LD10194;2024-08-16 05:17:11.182000 +00:00;7C:D9:F4:01:8F:EE;Botte;2.76172;45.49143616666667;10.046552000000002;110.9;4280;;false;
WSXFP10200LD10194;2024-08-16 05:19:50.067000 +00:00;7C:D9:F4:01:8F:EE;Botte;0;45.4906225;10.044440833333335;112.4;2830;;false;
WSXFP10200LD10194;2024-08-16 05:24:17.870000 +00:00;7C:D9:F4:01:8F:EE;Botte;7.21094;45.49062233333334;10.044389666666666;116.3;2000;;false;
WSXFP10200LD10194;2024-08-16 05:27:09.050000 +00:00;7C:D9:F4:00:C1:FB;Carro37;0;45.49004433333332;10.046230499999998;119.9;2830;;false;
WSXFP10200LD10194;2024-08-16 05:27:09.434000 +00:00;7C:D9:F4:01:8F:EE;Botte;0;45.49004433333332;10.046230499999998;119.9;2000;;false;
WSXFP10200LD10194;2024-08-16 05:34:51.187000 +00:00;7C:D9:F4:01:8F:EE;Botte;2.90625;45.490045;10.046167;121.6;2000;;false;
WSXFP10200LD10194;2024-08-16 05:41:33.042000 +00:00;7C:D9:F4:01:8F:EE;Botte;24.6836;45.490756833333336;10.065534166666668;104.6;2960;;false;
WSXFP10200LD10194;2024-08-16 05:44:59.616000 +00:00;7C:D9:F4:01:8F:EE;Botte;3.27344;45.485252666666675;10.069543166666666;99.8;2830;;false;
WSXFP10200LD10194;2024-08-16 05:48:23.831000 +00:00;7C:D9:F4:01:8F:EE;Botte;2.96875;45.48384183333333;10.069042166666668;81.2;4310;;false;
WSXFP10200LD10194;2024-08-16 05:51:51.054000 +00:00;7C:D9:F4:01:8F:EE;Botte;2.98047;45.484065;10.069373;107;2000;;false;
WSXFP10200LD10194;2024-08-16 05:55:36.528000 +00:00;7C:D9:F4:01:8F:EE;Botte;0;45.486302166666675;10.066296999999999;108.9;2000;;false;
WSXFP10200LD10194;2024-08-16 06:27:05.370000 +00:00;7C:D9:F4:01:8F:EE;Botte;6.79688;45.48621833333333;10.066327666666664;98;4280;;false;
WSXFP10200LD10194;2024-08-16 06:28:31.173000 +00:00;7C:D9:F4:01:8F:EE;Botte;0;45.48650116666666;10.066484166666667;118.9;2000;;false;
WSXFP10200LD10194;2024-08-16 06:35:00.487000 +00:00;7C:D9:F4:01:8F:EE;Botte;4.01563;45.486485333333334;10.066485666666667;121.5;2000;;false;
WSXFP10200LD10194;2024-08-16 06:38:31.935000 +00:00;7C:D9:F4:01:8F:EE;Botte;24.6484;45.48386533333334;10.053609;112.5;4280;;false;
WSXFP10200LD10194;2024-08-16 06:41:55.323000 +00:00;7C:D9:F4:01:8F:EE;Botte;5.45313;45.49181933333333;10.046736666666668;117.8;4310;;false;
WSXFP10200LD10194;2024-08-16 06:42:59.524000 +00:00;7C:D9:F4:01:8F:EE;Botte;0;45.491893833333336;10.046771666666666;113.9;4310;;false;
WSXFP10200LD10194;2024-08-16 06:56:49.149000 +00:00;7C:D9:F4:01:8F:EE;Botte;4.69922;45.49184833333334;10.046765666666667;111.3;2000;;false;
WSXFP10200LD10194;2024-08-16 06:59:45.764000 +00:00;7C:D9:F4:01:8F:EE;Botte;0;45.490026;10.046192166666668;119.5;3600;;false;
WSXFP10200LD10194;2024-08-16 07:06:06.301000 +00:00;7C:D9:F4:01:8F:EE;Botte;4.18359;45.48998483333333;10.046194166666668;118.3;4350;;false;
WSXFP10200LD10194;2024-08-16 07:09:48.816000 +00:00;7C:D9:F4:01:8F:EE;Botte;26.0469;45.48538283333334;10.053411666666667;96.2;2830;;false;
WSXFP10200LD10194;2024-08-16 07:13:19.092000 +00:00;7C:D9:F4:01:8F:EE;Botte;19.8594;45.48748566666666;10.064431833333334;105.5;2000;;false;
WSXFP10200LD10194;2024-08-16 07:16:42.988000 +00:00;7C:D9:F4:01:8F:EE;Botte;2.98047;45.4846435;10.069240166666665;111.1;4340;;false;
WSXFP10200LD10194;2024-08-16 07:20:10.227000 +00:00;7C:D9:F4:01:8F:EE;Botte;0;45.483238500000006;10.068896166666667;93.9;4350;;false;
WSXFP10200LD10194;2024-08-16 07:21:12.021000 +00:00;7C:D9:F4:01:8F:EE;Botte;0;45.48322916666665;10.068924333333333;107;4330;;false;
WSXFP10200LD10194;2024-08-16 07:27:25.870000 +00:00;7C:D9:F4:01:8F:EE;Botte;4.30078;45.48321916666667;10.068824833333334;113.7;4380;;false;
WSXFP10200LD10194;2024-08-16 07:30:53.262000 +00:00;7C:D9:F4:01:8F:EE;Botte;2.89844;45.485077000000004;10.069752;100.4;4350;;false;
WSXFP10200LD10194;2024-08-16 07:33:53.164000 +00:00;7C:D9:F4:01:8F:EE;Botte;0;45.486588;10.066487;101.1;4380;;false;
WSXFP10200LD10194;2024-08-16 07:38:21.305000 +00:00;7C:D9:F4:01:8F:EE;Botte;2.46484;45.4865485;10.066546833333332;122.7;2960;;false;
WSXFP10200LD10194;2024-08-16 07:40:44.628000 +00:00;7C:D9:F4:01:8F:EE;Botte;0;45.48647033333334;10.067050000000002;128.8;2000;;false;
WSXFP10200LD10194;2024-08-16 07:43:56.710000 +00:00;7C:D9:F4:01:8F:EE;Botte;5.1875;45.48653233333333;10.067006;145.7;4350;;false;
WSXFP10200LD10194;2024-08-16 07:47:17.836000 +00:00;7C:D9:F4:01:8F:EE;Botte;12.9258;45.48482266666666;10.057052833333332;95.8;4400;;false;
WSXFP10200LD10194;2024-08-16 07:51:00.714000 +00:00;7C:D9:F4:01:8F:EE;Botte;25.4297;45.48951883333334;10.046019333333334;96.7;2830;;false;
WSXFP10200LD10194;2024-08-16 07:52:47.557000 +00:00;7C:D9:F4:01:8F:EE;Botte;0;45.49196;10.046753666666666;114.3;2000;;false;
WSXFP10200LD10194;2024-08-16 07:56:11.656000 +00:00;7C:D9:F4:01:8F:EE;Botte;7.35938;45.49193816666666;10.046775333333335;116;4410;;false;
WSXFP10200LD10194;2024-08-16 07:59:32.780000 +00:00;7C:D9:F4:01:8F:EE;Botte;32.5273;45.48506999999999;10.051172166666667;104.7;2000;;false;
WSXFP10200LD10194;2024-08-16 08:03:01.582000 +00:00;7C:D9:F4:01:8F:EE;Botte;2.84766;45.48880916666667;10.064812499999999;116.2;2650;;false;
WSXFP10200LD10194;2024-08-16 08:06:18.673000 +00:00;7C:D9:F4:01:8F:EE;Botte;0;45.48646683333333;10.0670805;117.8;2000;;false;
WSXFP10200LD10194;2024-08-16 08:11:22.640000 +00:00;7C:D9:F4:01:8F:EE;Botte;1.15625;45.48648333333334;10.067013499999998;109.9;2000;;false;
WSXFP10200LD10194;2024-08-16 08:14:55.977000 +00:00;7C:D9:F4:01:8F:EE;Botte;0;45.48636633333334;10.06668;108.3;4430;;false;
WSXFP10200LD10194;2024-08-16 08:17:52.704000 +00:00;7C:D9:F4:01:8F:EE;Botte;2.14453;45.486353333333334;10.066683333333334;107.4;2000;;false;
WSXFP10200LD10194;2024-08-16 08:19:42.806000 +00:00;7C:D9:F4:01:8F:EE;Botte;0;45.486468499999994;10.0670205;103;4430;;false;
WSXFP10200LD10194;2024-08-16 08:23:22.363000 +00:00;7C:D9:F4:01:8F:EE;Botte;2.52734;45.48644099999999;10.0670065;106.4;2000;;false;
WSXFP10200LD10194;2024-08-16 08:25:15.433000 +00:00;7C:D9:F4:01:8F:EE;Botte;0;45.4863495;10.066568166666666;104.8;2000;;false;
WSXFP10200LD10194;2024-08-16 08:27:08.661000 +00:00;7C:D9:F4:01:8F:EE;Botte;4.22266;45.48635283333333;10.066563;99.4;4410;;false;
WSXFP10200LD10194;2024-08-16 08:29:23.091000 +00:00;7C:D9:F4:01:8F:EE;Botte;0;45.4865515;10.067125666666668;115;2830;;false;
WSXFP10200LD10194;2024-08-16 08:34:51.575000 +00:00;7C:D9:F4:01:8F:EE;Botte;7.67969;45.48689366666667;10.067149666666667;107.3;4410;;false;
WSXFP10200LD10194;2024-08-16 08:38:03.832000 +00:00;7C:D9:F4:01:8F:EE;Botte;51.3008;45.48517499999999;10.057400666666666;109.8;2000;;false;
WSXFP10200LD10194;2024-08-16 08:41:31.043000 +00:00;7C:D9:F4:01:8F:EE;Botte;26.3125;45.490285;10.046102500000002;124.1;4430;;false;
WSXFP10200LD10194;2024-08-16 08:43:06.143000 +00:00;7C:D9:F4:01:8F:EE;Botte;0;45.49195200000001;10.046855833333334;122.4;4210;;false;
WSXFP10200LD10194;2024-08-16 08:45:59.962000 +00:00;7C:D9:F4:01:8F:EE;Botte;9.64844;45.49196516666667;10.046789333333335;118.3;4430;;false;
WSXFP10200LD10194;2024-08-16 08:48:50.589000 +00:00;7C:D9:F4:01:8F:EE;Botte;0;45.490535833333325;10.044426333333334;119.8;2000;;false;
WSXFP10200LD10194;2024-08-19 04:15:48.882000 +00:00;7C:D9:F4:01:8F:EE;Botte;1.97656;45.49043849999999;10.044374666666668;114.3;2000;;false;
WSXFP10200LD10194;2024-08-19 04:16:51.912000 +00:00;7C:D9:F4:01:8F:EE;Botte;0;45.490492833333334;10.044456333333333;113.1;2000;;false;
WSXFP10200LD10194;2024-08-19 04:17:13.335000 +00:00;7C:D9:F4:01:8F:EE;Botte;4.81641;45.490494500000004;10.044465833333334;113.6;2910;;false;
WSXFP10200LD10194;2024-08-19 04:17:30.556000 +00:00;7C:D9:F4:00:C1:FB;Carro37;11.6875;45.49056399999999;10.045078499999999;118.7;3360;;false;
WSXFP10200LD10194;2024-08-19 04:19:36.306000 +00:00;7C:D9:F4:01:8F:EE;Botte;0;45.490039499999995;10.046086;108.3;2000;;false;
WSXFP10200LD10194;2024-08-19 04:19:36.807000 +00:00;7C:D9:F4:00:C1:FB;Carro37;0;45.490039333333335;10.046088166666665;108.4;3370;;false;
WSXFP10200LD10194;2024-08-19 04:23:44.448000 +00:00;7C:D9:F4:01:8F:EE;Botte;6.45703;45.49001416666666;10.046152333333334;109.2;2000;;false;
WSXFP10200LD10194;2024-08-19 04:27:26.774000 +00:00;7C:D9:F4:01:8F:EE;Botte;31.1328;45.4869755;10.053754666666666;104.3;2000;;false;
WSXFP10200LD10194;2024-08-19 04:30:54.459000 +00:00;7C:D9:F4:01:8F:EE;Botte;16.5313;45.487222833333334;10.065127833333335;107.2;3380;;false;
WSXFP10200LD10194;2024-08-19 04:32:08.332000 +00:00;7C:D9:F4:01:8F:EE;Botte;0;45.486967833333324;10.065538666666667;109.5;2000;;false;
WSXFP10200LD10194;2024-08-19 04:40:23.722000 +00:00;7C:D9:F4:01:8F:EE;Botte;5.46484;45.48702383333333;10.065483;101.8;2000;;false;
WSXFP10200LD10194;2024-08-19 04:43:47.988000 +00:00;7C:D9:F4:01:8F:EE;Botte;2.98047;45.48473516666666;10.069208166666664;92.6;3380;;false;
WSXFP10200LD10194;2024-08-19 04:47:15.553000 +00:00;7C:D9:F4:01:8F:EE;Botte;5.92578;45.48333683333334;10.069108833333335;101.5;3370;;false;
WSXFP10200LD10194;2024-08-19 04:50:36.403000 +00:00;7C:D9:F4:01:8F:EE;Botte;15.2227;45.48542583333333;10.069696166666668;108.4;2910;;false;
WSXFP10200LD10194;2024-08-19 04:52:59.841000 +00:00;7C:D9:F4:01:8F:EE;Botte;0;45.48626466666666;10.066320333333335;110.6;3380;;false;
WSXFP10200LD10194;2024-08-19 05:13:51.171000 +00:00;7C:D9:F4:01:8F:EE;Botte;7.84766;45.486325333333326;10.066340166666667;120.9;3360;;false;
WSXFP10200LD10194;2024-08-19 05:15:10.833000 +00:00;7C:D9:F4:01:8F:EE;Botte;0;45.486572333333335;10.066463999999998;104.7;3050;;false;
WSXFP10200LD10194;2024-08-19 05:19:11.657000 +00:00;7C:D9:F4:01:8F:EE;Botte;1.01563;45.48656766666666;10.066446166666667;108.4;2000;;false;
WSXFP10200LD10194;2024-08-19 05:21:16.900000 +00:00;7C:D9:F4:01:8F:EE;Botte;0;45.48649183333334;10.067091666666666;114.9;3410;;false;
WSXFP10200LD10194;2024-08-19 05:23:04.003000 +00:00;7C:D9:F4:01:8F:EE;Botte;4.39844;45.48649266666666;10.067144833333334;116.7;3370;;false;
WSXFP10200LD10194;2024-08-19 05:26:31.215000 +00:00;7C:D9:F4:01:8F:EE;Botte;32.0781;45.48478983333332;10.056640833333335;109.7;3360;;false;
WSXFP10200LD10194;2024-08-19 05:29:59.191000 +00:00;7C:D9:F4:01:8F:EE;Botte;23.5039;45.48988366666668;10.045988333333336;104.7;3430;;false;
WSXFP10200LD10194;2024-08-19 05:31:39.613000 +00:00;7C:D9:F4:01:8F:EE;Botte;0;45.49194600000001;10.046707500000002;119.6;3380;;false;
WSXFP10200LD10194;2024-08-19 05:35:07.643000 +00:00;7C:D9:F4:01:8F:EE;Botte;2.32422;45.4918935;10.046755333333333;112;2000;;false;
WSXFP10200LD10194;2024-08-19 05:38:37.475000 +00:00;7C:D9:F4:01:8F:EE;Botte;22.9883;45.485083;10.053336166666668;100.7;2000;;false;
WSXFP10200LD10194;2024-08-19 05:42:07.262000 +00:00;7C:D9:F4:01:8F:EE;Botte;11.0195;45.48701166666666;10.065571666666667;110.2;2000;;false;
WSXFP10200LD10194;2024-08-19 05:44:43.401000 +00:00;7C:D9:F4:01:8F:EE;Botte;0;45.486447166666665;10.066969499999999;111.6;3370;;false;
WSXFP10200LD10194;2024-08-19 05:50:32.880000 +00:00;7C:D9:F4:01:8F:EE;Botte;1.44141;45.48637333333333;10.066808833333333;99.2;3050;;false;
WSXFP10200LD10194;2024-08-19 05:52:59.552000 +00:00;7C:D9:F4:01:8F:EE;Botte;0;45.486298833333336;10.066535833333333;103.6;3360;;false;
WSXFP10200LD10194;2024-08-19 05:55:56.432000 +00:00;7C:D9:F4:01:8F:EE;Botte;0.554688;45.48631099999999;10.066583833333334;109;3370;;false;
WSXFP10200LD10194;2024-08-19 05:58:01.817000 +00:00;7C:D9:F4:01:8F:EE;Botte;0;45.486381;10.066349666666667;116.9;2910;;false;
WSXFP10200LD10194;2024-08-19 05:58:25.387000 +00:00;7C:D9:F4:01:8F:EE;Botte;15.9805;45.4865;10.066970833333334;120.8;3430;;false;
WSXFP10200LD10194;2024-08-19 05:59:49.854000 +00:00;7C:D9:F4:01:8F:EE;Botte;0;45.486481500000004;10.067081666666665;130.9;2000;;false;
WSXFP10200LD10194;2024-08-19 06:03:01.834000 +00:00;7C:D9:F4:01:8F:EE;Botte;11.0156;45.486541833333334;10.067064166666668;114.6;3430;;false;
WSXFP10200LD10194;2024-08-19 06:06:28.162000 +00:00;7C:D9:F4:01:8F:EE;Botte;29.3242;45.48398133333334;10.053699333333332;86.8;2000;;false;
WSXFP10200LD10194;2024-08-19 06:10:26.660000 +00:00;7C:D9:F4:01:8F:EE;Botte;0;45.49197099999999;10.046745000000001;129.9;2000;;false;
WSXFP10200LD10194;2024-08-19 06:11:49.840000 +00:00;7C:D9:F4:01:8F:EE;Botte;0.746094;45.49197133333333;10.046765166666667;144.2;3460;;false;
WSXFP10200LD10194;2024-08-19 06:14:40.126000 +00:00;7C:D9:F4:01:8F:EE;Botte;0;45.490958500000005;10.044036999999998;133.8;2000;;false;
WSXFP10200LD10194;2024-08-19 08:26:12.246000 +00:00;7C:D9:F4:01:8F:EE;Botte;15.2344;;;;2930;;false;
WSXFP10200LD10194;2024-08-19 08:28:20.329000 +00:00;7C:D9:F4:01:8F:EE;Botte;0;45.49148683333333;10.046415166666666;119.3;2000;;false;
WSXFP10200LD10194;2024-08-19 08:45:16.948000 +00:00;7C:D9:F4:03:0F:87;LamaTrincia;0;45.490821999999994;10.044610833333335;114.2;2000;;false;
WSXFP10200LD10194;2024-08-20 16:48:47.090000 +00:00;7C:D9:F4:03:0F:87;LamaTrincia;0;45.490707;10.044450000000001;133.3;2480;;false;
WSXFP10200LD10194;2024-08-22 07:37:43.568000 +00:00;7C:D9:F4:03:0F:87;LamaTrincia;6.64844;45.40625716666666;10.003723166666667;74;2000;;false;
WSXFP10200LD10194;2024-08-22 07:38:54.756000 +00:00;7C:D9:F4:03:0F:87;LamaTrincia;0;45.406318833333344;10.003663666666668;73.4;2000;;false;
WSXFP10200LD10194;2024-08-23 05:27:06.067000 +00:00;7C:D9:F4:00:C1:FB;Carro37;1.92578;45.4063335;10.003669;84.9;3970;;false;
WSXFP10200LD10194;2024-08-23 05:29:12.603000 +00:00;7C:D9:F4:01:45:0D;AratroPenta2;0;45.40630816666667;10.004539833333332;66.3;3970;;false;
WSXFP10200LD10194;2024-08-23 05:29:13.115000 +00:00;7C:D9:F4:02:F6:CB;AratroPenta1;0;45.40630816666667;10.004539833333332;66.3;2000;;false;
WSXFP10200LD10194;2024-08-23 05:40:32.793000 +00:00;7C:D9:F4:03:0F:87;LamaTrincia;5.59766;45.407777333333335;10.002703499999997;83.2;2000;;false;
WSXFP10200LD10194;2024-08-23 05:46:48.431000 +00:00;7C:D9:F4:03:0F:87;LamaTrincia;4.73828;45.407759;10.002806333333334;91;2000;;false;
WSXFP10200LD10194;2024-08-23 05:50:24.375000 +00:00;7C:D9:F4:03:0F:87;LamaTrincia;2.05469;45.40792433333332;10.002884333333334;88.8;2000;;false;
WSXFP10200LD10194;2024-08-23 05:51:47.189000 +00:00;7C:D9:F4:03:0F:87;LamaTrincia;0;45.40805216666666;10.002764166666665;78.1;2850;;false;
WSXFP10200LD10194;2024-08-23 05:59:27.241000 +00:00;7C:D9:F4:03:0F:87;LamaTrincia;4.38672;45.40754033333332;10.0028225;92.5;3970;;false;
WSXFP10200LD10194;2024-08-23 06:03:01.405000 +00:00;7C:D9:F4:03:0F:87;LamaTrincia;5.83984;45.407586;10.002700166666667;90.1;2000;;false;
WSXFP10200LD10194;2024-08-23 06:06:28.232000 +00:00;7C:D9:F4:03:0F:87;LamaTrincia;6.17969;45.40768483333333;10.002746666666665;92.7;2000;;false;
WSXFP10200LD10194;2024-08-23 06:09:53.543000 +00:00;7C:D9:F4:03:0F:87;LamaTrincia;5.27734;45.40765833333333;10.002838500000001;96.3;2000;;false;
WSXFP10200LD10194;2024-08-23 06:16:46.718000 +00:00;7C:D9:F4:03:0F:87;LamaTrincia;6.72656;45.40774566666668;10.002759166666667;96;2000;;false;
WSXFP10200LD10194;2024-08-23 06:23:20.417000 +00:00;7C:D9:F4:03:0F:87;LamaTrincia;6.42969;45.40761216666667;10.002814333333333;90.4;3600;;false;
WSXFP10200LD10194;2024-08-23 06:26:48.888000 +00:00;7C:D9:F4:03:0F:87;LamaTrincia;7.05469;45.40771216666668;10.002778833333336;91;2000;;false;
WSXFP10200LD10194;2024-08-23 06:30:13.028000 +00:00;7C:D9:F4:03:0F:87;LamaTrincia;7.38672;45.407660500000006;10.002832833333333;88.8;3980;;false;
WSXFP10200LD10194;2024-08-23 06:45:57.820000 +00:00;7C:D9:F4:03:0F:87;LamaTrincia;5.39844;45.40756433333333;10.002735;81.5;3980;;false;
WSXFP10200LD10194;2024-08-23 06:49:23.174000 +00:00;7C:D9:F4:03:0F:87;LamaTrincia;5.06641;45.40759833333334;10.002744833333331;85.6;3970;;false;
WSXFP10200LD10194;2024-08-23 06:52:12.127000 +00:00;7C:D9:F4:03:0F:87;LamaTrincia;0;45.40756633333334;10.002812999999998;80.7;3980;;false;
WSXFP10200LD10194;2024-08-23 06:54:02.222000 +00:00;7C:D9:F4:03:0F:87;LamaTrincia;3.22266;45.40773983333333;10.002879;74.1;4010;;false;
WSXFP10200LD10194;2024-08-23 06:57:16.262000 +00:00;7C:D9:F4:03:0F:87;LamaTrincia;6.00781;45.40766;10.002923999999998;78.4;3970;;false;
WSXFP10200LD10194;2024-08-23 07:03:44.731000 +00:00;7C:D9:F4:03:0F:87;LamaTrincia;5.46875;45.40768516666667;10.002725833333331;80.8;2850;;false;
WSXFP10200LD10194;2024-08-23 07:10:57.387000 +00:00;7C:D9:F4:03:0F:87;LamaTrincia;5.3125;45.40762583333334;10.002771333333333;77.2;2000;;false;
WSXFP10200LD10194;2024-08-23 07:21:20.415000 +00:00;7C:D9:F4:03:0F:87;LamaTrincia;4.20703;45.40773550000001;10.002811499999998;93.8;2990;;false;
WSXFP10200LD10194;2024-08-23 07:24:45.749000 +00:00;7C:D9:F4:03:0F:87;LamaTrincia;6.41406;45.40766849999999;10.0028725;90.9;2000;;false;
WSXFP10200LD10194;2024-08-23 07:31:20.057000 +00:00;7C:D9:F4:03:0F:87;LamaTrincia;2.80859;45.40752983333333;10.002797500000002;85.5;2000;;false;
WSXFP10200LD10194;2024-08-23 07:31:22.193000 +00:00;7C:D9:F4:00:C1:FB;Carro37;2.23828;45.407522;10.002803166666666;86;2850;;false;
WSXFP10200LD10194;2024-08-23 07:38:57.345000 +00:00;7C:D9:F4:03:0F:87;LamaTrincia;0;45.40743066666668;10.002895166666667;66.3;3970;;false;
WSXFP10200LD10194;2024-08-23 07:39:29.185000 +00:00;7C:D9:F4:03:0F:87;LamaTrincia;6.53125;45.40754083333333;10.002852500000001;80.8;2850;;false;
WSXFP10200LD10194;2024-08-23 07:52:09.444000 +00:00;7C:D9:F4:03:0F:87;LamaTrincia;7.68359;45.40764399999999;10.002694166666668;86;4000;;false;
WSXFP10200LD10194;2024-08-23 08:02:23.802000 +00:00;7C:D9:F4:03:0F:87;LamaTrincia;6.92578;45.40753783333333;10.0027175;90.1;4010;;false;
WSXFP10200LD10194;2024-08-23 08:05:49.195000 +00:00;7C:D9:F4:03:0F:87;LamaTrincia;8.27734;45.4076845;10.002713166666664;85.1;0;;false;
WSXFP10200LD10194;2024-08-23 08:09:22.095000 +00:00;7C:D9:F4:03:0F:87;LamaTrincia;2.15625;45.407527166666654;10.002767333333331;88.6;3980;;false;
WSXFP10200LD10194;2024-08-23 08:16:37.174000 +00:00;7C:D9:F4:03:0F:87;LamaTrincia;4.91406;45.407673333333335;10.002680166666668;91.6;3990;;false;
WSXFP10200LD10194;2024-08-23 08:23:08.128000 +00:00;7C:D9:F4:03:0F:87;LamaTrincia;4.45313;45.4077225;10.002864666666666;98.5;4010;;false;
WSXFP10200LD10194;2024-08-23 08:26:36.678000 +00:00;7C:D9:F4:03:0F:87;LamaTrincia;6.55859;45.407545999999996;10.002718000000002;106.6;2000;;false;
WSXFP10200LD10194;2024-08-23 08:30:01.858000 +00:00;7C:D9:F4:03:0F:87;LamaTrincia;6.00781;45.407548;10.002719666666668;86.2;4090;;false;
WSXFP10200LD10194;2024-08-23 08:36:51.561000 +00:00;7C:D9:F4:03:0F:87;LamaTrincia;8.14453;45.40760650000001;10.002802;89.5;4000;;false;
WSXFP10200LD10194;2024-08-23 08:44:12.074000 +00:00;7C:D9:F4:03:0F:87;LamaTrincia;6.00391;45.40759133333333;10.002763333333332;83;4090;;false;
WSXFP10200LD10194;2024-08-23 08:47:28.181000 +00:00;7C:D9:F4:03:0F:87;LamaTrincia;7.51563;45.40752983333333;10.002791500000003;79.8;2000;;false;
WSXFP10200LD10194;2024-08-23 08:51:04.605000 +00:00;7C:D9:F4:03:0F:87;LamaTrincia;3.90234;45.407663;10.002851999999999;89.5;4090;;false;
WSXFP10200LD10194;2024-08-23 08:54:14.089000 +00:00;7C:D9:F4:03:0F:87;LamaTrincia;0.128906;45.4075035;10.002738333333333;87.9;4100;;false;
WSXFP10200LD10194;2024-08-23 08:57:27.476000 +00:00;7C:D9:F4:03:0F:87;LamaTrincia;0;45.407762;10.0028075;86.5;2000;;false;
WSXFP10200LD10194;2024-08-23 08:57:51.182000 +00:00;7C:D9:F4:03:0F:87;LamaTrincia;5.90625;45.40759633333334;10.002786333333335;89.2;2000;;false;
WSXFP10200LD10194;2024-08-23 09:01:24.208000 +00:00;7C:D9:F4:03:0F:87;LamaTrincia;7.57813;45.4075725;10.002792333333334;99.8;4110;;false;
WSXFP10200LD10194;2024-08-23 09:08:25.382000 +00:00;7C:D9:F4:03:0F:87;LamaTrincia;6.76172;45.407792833333325;10.002809833333334;86.6;3600;;false;
WSXFP10200LD10194;2024-08-23 09:11:47.169000 +00:00;7C:D9:F4:03:0F:87;LamaTrincia;1.92969;45.40761916666666;10.0028445;88.7;4150;;false;
WSXFP10200LD10194;2024-08-23 09:18:37.084000 +00:00;7C:D9:F4:03:0F:87;LamaTrincia;6.31641;45.40771183333332;10.002904000000003;72.4;2850;;false;
WSXFP10200LD10194;2024-08-23 09:25:17.646000 +00:00;7C:D9:F4:03:0F:87;LamaTrincia;0.886719;45.40775866666666;10.002928333333333;75.5;4100;;false;
WSXFP10200LD10194;2024-08-23 09:34:06.989000 +00:00;7C:D9:F4:03:0F:87;LamaTrincia;6.87891;45.40772066666667;10.003028;64.7;2030;;false;
WSXFP10200LD10194;2024-08-23 09:37:16.984000 +00:00;7C:D9:F4:03:0F:87;LamaTrincia;6.78906;45.40792033333334;10.003067333333332;67.7;4360;;false;
WSXFP10200LD10194;2024-08-23 09:40:45.463000 +00:00;7C:D9:F4:03:0F:87;LamaTrincia;0.941406;45.40795233333333;10.002947499999998;59.7;2000;;false;
WSXFP10200LD10194;2024-08-23 09:42:27.852000 +00:00;7C:D9:F4:03:0F:87;LamaTrincia;0;45.407790000000006;10.002904166666667;71.7;2930;;false;
WSXFP10200LD10194;2024-08-23 09:46:57.419000 +00:00;7C:D9:F4:03:0F:87;LamaTrincia;3.33984;45.407861999999994;10.002945666666667;50.6;2930;;false;
WSXFP10200LD10194;2024-08-23 09:50:23.630000 +00:00;7C:D9:F4:03:0F:87;LamaTrincia;10.375;45.40795733333333;10.003017;53.4;4350;;false;
WSXFP10200LD10194;2024-08-23 09:53:51.177000 +00:00;7C:D9:F4:03:0F:87;LamaTrincia;6.55469;45.407833333333336;10.002830500000002;56.5;2000;;false;
WSXFP10200LD10194;2024-08-23 09:57:16.114000 +00:00;7C:D9:F4:03:0F:87;LamaTrincia;8.29688;45.40798666666666;10.002926999999998;48.4;2000;;false;
WSXFP10200LD10194;2024-08-23 10:00:28.958000 +00:00;7C:D9:F4:03:0F:87;LamaTrincia;1.97656;45.40783033333334;10.0028775;54.8;2000;;false;
WSXFP10200LD10194;2024-08-23 10:04:03.231000 +00:00;7C:D9:F4:03:0F:87;LamaTrincia;6.8125;45.40781449999999;10.002865166666668;46.8;4360;;false;
WSXFP10200LD10194;2024-08-23 10:07:55.411000 +00:00;7C:D9:F4:03:0F:87;LamaTrincia;4.16797;45.407677500000005;10.002664666666666;67;4360;;false;
WSXFP10200LD10194;2024-08-23 10:44:52.653000 +00:00;7C:D9:F4:03:0F:87;LamaTrincia;4.97656;45.407724166666675;10.002830500000002;80.7;2000;;false;
WSXFP10200LD10194;2024-08-23 10:54:53.509000 +00:00;7C:D9:F4:03:0F:87;LamaTrincia;6.12109;45.40781666666666;10.002731833333334;90.7;2930;;false;
WSXFP10200LD10194;2024-08-23 10:58:19.720000 +00:00;7C:D9:F4:03:0F:87;LamaTrincia;2.85156;45.40752466666666;10.0026855;118.9;4360;;false;
WSXFP10200LD10194;2024-08-23 11:01:47.718000 +00:00;7C:D9:F4:03:0F:87;LamaTrincia;0.40625;45.40768;10.002830999999999;84.7;4380;;false;
WSXFP10200LD10194;2024-08-23 11:08:13.127000 +00:00;7C:D9:F4:03:0F:87;LamaTrincia;0;45.407896833333346;10.003014;113.6;4360;;false;
WSXFP10200LD10194;2024-08-23 11:09:49.107000 +00:00;7C:D9:F4:03:0F:87;LamaTrincia;5.33594;45.4078455;10.002922499999999;82.2;4350;;false;
WSXFP10200LD10194;2024-08-23 11:16:45.991000 +00:00;7C:D9:F4:03:0F:87;LamaTrincia;4.27344;45.4078215;10.002753499999999;84.5;4360;;false;
WSXFP10200LD10194;2024-08-23 11:20:16.210000 +00:00;7C:D9:F4:03:0F:87;LamaTrincia;5.86719;45.407693666666674;10.002872333333332;79.5;4350;;false;
WSXFP10200LD10194;2024-08-23 11:24:09.031000 +00:00;7C:D9:F4:03:0F:87;LamaTrincia;7.375;45.407641166666664;10.002883833333334;78.1;3070;;false;
WSXFP10200LD10194;2024-08-23 11:26:48.132000 +00:00;7C:D9:F4:03:0F:87;LamaTrincia;0;45.407960833333334;10.002719833333332;68.1;2000;;false;
WSXFP10200LD10194;2024-08-23 11:30:52.690000 +00:00;7C:D9:F4:03:0F:87;LamaTrincia;1.3125;45.40801033333333;10.002815166666666;85.9;4400;;false;
WSXFP10200LD10194;2024-08-23 11:32:03.330000 +00:00;7C:D9:F4:03:0F:87;LamaTrincia;0;45.407974166666655;10.002934166666666;76.5;4360;;false;
WSXFP10200LD10194;2024-08-23 11:40:09.710000 +00:00;7C:D9:F4:03:0F:87;LamaTrincia;1.42969;45.407978;10.002838833333335;77.9;2010;;false;
WSXFP10200LD10194;2024-08-23 11:41:21.620000 +00:00;7C:D9:F4:03:0F:87;LamaTrincia;0;45.40801533333333;10.0028175;78.1;4410;;false;
WSXFP10200LD10194;2024-08-23 11:48:11.620000 +00:00;7C:D9:F4:01:45:0D;AratroPenta2;0.246094;45.40618466666667;10.004629999999999;88.9;4350;;false;
WSXFP10200LD10194;2024-08-23 11:48:16.036000 +00:00;7C:D9:F4:02:F6:CB;AratroPenta1;4.50781;45.40620216666666;10.004594333333333;86.4;4400;;false;
WSXFP10200LD10194;2024-08-23 11:48:42.375000 +00:00;7C:D9:F4:02:F6:CB;AratroPenta1;6.36328;45.40624666666666;10.004467333333334;81.9;2000;;false;
WSXFP10200LD10194;2024-08-23 11:48:45.776000 +00:00;7C:D9:F4:01:45:0D;AratroPenta2;5.92578;45.40620133333333;10.0044845;91;2000;;false;
WSXFP10200LD10194;2024-08-23 11:49:49.780000 +00:00;7C:D9:F4:02:F6:CB;AratroPenta1;0;45.40599950000001;10.004662666666668;84.7;4410;;false;
WSXFP10200LD10194;2024-08-23 11:49:53.330000 +00:00;7C:D9:F4:01:45:0D;AratroPenta2;0;45.406001166666655;10.004656500000001;83.7;4410;;false;
WSXFP10200LD10194;2024-08-23 12:00:12.888000 +00:00;7C:D9:F4:01:45:0D;AratroPenta2;2.66016;45.40634983333332;10.004567333333334;64.2;4440;;false;
WSXFP10200LD10194;2024-08-23 12:06:36.155000 +00:00;7C:D9:F4:03:0F:87;LamaTrincia;3.68359;45.40768533333333;10.0027335;87.8;2000;;false;
WSXFP10200LD10194;2024-08-23 12:16:54.691000 +00:00;7C:D9:F4:03:0F:87;LamaTrincia;5.98828;45.407779666666656;10.0028945;90.8;4440;;false;
WSXFP10200LD10194;2024-08-23 12:20:20.090000 +00:00;7C:D9:F4:03:0F:87;LamaTrincia;1.97656;45.40754083333333;10.002938166666665;71;3600;;false;
WSXFP10200LD10194;2024-08-23 12:23:44.172000 +00:00;7C:D9:F4:03:0F:87;LamaTrincia;5.62109;45.407809;10.002783833333332;53.6;3070;;false;
WSXFP10200LD10194;2024-08-23 12:27:11.415000 +00:00;7C:D9:F4:03:0F:87;LamaTrincia;5.25;45.4077015;10.002882666666665;71.8;2000;;false;
WSXFP10200LD10194;2024-08-23 12:33:37.978000 +00:00;7C:D9:F4:03:0F:87;LamaTrincia;5.44141;45.407571499999996;10.002784166666666;51;4310;;false;
WSXFP10200LD10194;2024-08-23 12:52:05.900000 +00:00;7C:D9:F4:03:0F:87;LamaTrincia;0.480469;45.407957;10.002986166666666;76.6;4440;;false;
WSXFP10200LD10194;2024-08-23 12:58:18.326000 +00:00;7C:D9:F4:03:0F:87;LamaTrincia;7.98828;45.407812;10.002723166666666;62.5;2000;;false;
WSXFP10200LD10194;2024-08-23 13:02:08.304000 +00:00;7C:D9:F4:03:0F:87;LamaTrincia;3.28516;45.407749499999994;10.002866166666667;66.4;4510;;false;
WSXFP10200LD10194;2024-08-23 13:03:46.785000 +00:00;7C:D9:F4:03:0F:87;LamaTrincia;0;45.407788833333335;10.003017;78.2;3600;;false;
WSXFP10200LD10194;2024-08-23 13:05:01.288000 +00:00;7C:D9:F4:03:0F:87;LamaTrincia;3.875;45.40789799999999;10.002926166666667;71.3;4540;;false;
WSXFP10200LD10194;2024-08-23 13:12:00.604000 +00:00;7C:D9:F4:03:0F:87;LamaTrincia;7.08203;45.40787016666666;10.002809999999998;71.8;4500;;false;
WSXFP10200LD10194;2024-08-23 13:25:38.979000 +00:00;7C:D9:F4:03:0F:87;LamaTrincia;7;45.407729;10.002705500000001;82.1;4410;;false;
WSXFP10200LD10194;2024-08-23 13:28:26.518000 +00:00;7C:D9:F4:00:C1:FB;Carro37;0;45.407866166666665;10.002614833333334;105.7;4510;;false;
WSXFP10200LD10194;2024-08-23 13:28:27.218000 +00:00;7C:D9:F4:03:0F:87;LamaTrincia;0;45.40786483333333;10.0026145;106;4510;;false;
WSXFP10200LD10194;2024-08-23 13:32:58.723000 +00:00;7C:D9:F4:03:0F:87;LamaTrincia;2.01563;45.40802650000001;10.0027305;105.2;4440;;false;
WSXFP10200LD10194;2024-08-23 13:36:39.233000 +00:00;7C:D9:F4:03:0F:87;LamaTrincia;7.86719;45.40791016666667;10.002881833333333;82.2;4310;;false;
WSXFP10200LD10194;2024-08-23 13:43:21.776000 +00:00;7C:D9:F4:03:0F:87;LamaTrincia;7.21094;45.40785699999999;10.002804166666666;74.5;2000;;false;
WSXFP10200LD10194;2024-08-23 13:54:10.126000 +00:00;7C:D9:F4:03:0F:87;LamaTrincia;4.64844;45.4077875;10.002873500000002;82;4540;;false;
WSXFP10200LD10194;2024-08-23 13:57:05.630000 +00:00;7C:D9:F4:03:0F:87;LamaTrincia;6.38672;45.407785;10.002774666666667;73.3;2010;;false;
WSXFP10200LD10194;2024-08-23 14:17:47.898000 +00:00;7C:D9:F4:03:0F:87;LamaTrincia;5.38672;45.407810833333336;10.002739666666667;104;2930;;false;
WSXFP10200LD10194;2024-08-23 14:21:10.959000 +00:00;7C:D9:F4:03:0F:87;LamaTrincia;3.03125;45.40773550000001;10.002749666666668;93.6;2000;;false;
WSXFP10200LD10194;2024-08-23 14:28:15.433000 +00:00;7C:D9:F4:03:0F:87;LamaTrincia;3.10938;45.40774666666666;10.002847166666667;86.9;2010;;false;
WSXFP10200LD10194;2024-08-23 14:31:40.720000 +00:00;7C:D9:F4:03:0F:87;LamaTrincia;0.234375;45.40774566666668;10.002820166666666;71.9;0;;false;
WSXFP10200LD10194;2024-08-23 14:34:56.496000 +00:00;7C:D9:F4:03:0F:87;LamaTrincia;2.42578;45.407718833333334;10.002822666666665;85;2000;;false;
WSXFP10200LD10194;2024-08-23 14:37:26.603000 +00:00;7C:D9:F4:03:0F:87;LamaTrincia;0;45.40799966666667;10.002732;78.3;3600;;false;
WSXFP10200LD10194;2024-08-23 14:39:22.230000 +00:00;7C:D9:F4:03:0F:87;LamaTrincia;2.07813;45.408138;10.002812999999998;91.7;4540;;false;
WSXFP10200LD10194;2024-08-23 14:42:54.134000 +00:00;7C:D9:F4:03:0F:87;LamaTrincia;5.8125;45.40783983333334;10.002799666666666;76.4;2080;;false;
WSXFP10200LD10194;2024-08-23 14:46:19.231000 +00:00;7C:D9:F4:03:0F:87;LamaTrincia;4.25781;45.40791433333334;10.002897666666666;67.9;2020;;false;
WSXFP10200LD10194;2024-08-23 14:49:47.615000 +00:00;7C:D9:F4:03:0F:87;LamaTrincia;6.66797;45.40796616666667;10.003016166666669;63.4;2050;;false;
WSXFP10200LD10194;2024-08-23 14:53:19.518000 +00:00;7C:D9:F4:03:0F:87;LamaTrincia;2.25;45.40790533333334;10.002801833333331;76.7;2000;;false;
WSXFP10200LD10194;2024-08-23 15:03:57.327000 +00:00;7C:D9:F4:03:0F:87;LamaTrincia;7.80078;45.407752;10.002838166666667;71.1;4310;;false;
WSXFP10200LD10194;2024-08-23 15:10:47.095000 +00:00;7C:D9:F4:03:0F:87;LamaTrincia;7.14453;45.40778900000001;10.002871666666667;77.8;2080;;false;
WSXFP10200LD10194;2024-08-23 15:14:22.521000 +00:00;7C:D9:F4:03:0F:87;LamaTrincia;7.12891;45.407887;10.002827666666668;67.9;2930;;false;
WSXFP10200LD10194;2024-08-23 15:25:17.087000 +00:00;7C:D9:F4:03:0F:87;LamaTrincia;5.50391;45.40800733333333;10.002833999999998;74.7;2000;;false;
WSXFP10200LD10194;2024-08-23 15:31:53.236000 +00:00;7C:D9:F4:03:0F:87;LamaTrincia;6.46484;45.40773066666668;10.002833;88.1;2000;;false;
WSXFP10200LD10194;2024-08-23 15:35:41.793000 +00:00;7C:D9:F4:00:C1:FB;Carro37;6.04688;45.407782;10.002800166666667;93.5;3070;;false;
WSXFP10200LD10194;2024-08-23 15:42:22.713000 +00:00;7C:D9:F4:03:0F:87;LamaTrincia;0.878906;45.407907333333334;10.002860666666665;83.8;2050;;false;
WSXFP10200LD10194;2024-08-23 15:46:00.503000 +00:00;7C:D9:F4:03:0F:87;LamaTrincia;3.27734;45.40791066666667;10.0028415;84.3;2130;;false;
WSXFP10200LD10194;2024-08-23 15:56:56.928000 +00:00;7C:D9:F4:03:0F:87;LamaTrincia;0.65625;45.40806483333334;10.002778833333336;68.8;2080;;false;
WSXFP10200LD10194;2024-08-23 16:00:32.572000 +00:00;7C:D9:F4:03:0F:87;LamaTrincia;6.58984;45.407772333333334;10.002922833333333;87.9;2130;;false;
WSXFP10200LD10194;2024-08-23 16:13:34.776000 +00:00;7C:D9:F4:03:0F:87;LamaTrincia;4.95703;45.40789483333333;10.002851500000002;82.3;2090;;false;
WSXFP10200LD10194;2024-08-23 16:16:56.141000 +00:00;7C:D9:F4:03:0F:87;LamaTrincia;3.5;45.40774500000001;10.002819666666666;86.3;4350;;false;
WSXFP10200LD10194;2024-08-23 16:20:23.296000 +00:00;7C:D9:F4:03:0F:87;LamaTrincia;4.09375;45.40795299999999;10.002882999999999;77;2000;;false;
WSXFP10200LD10194;2024-08-23 16:23:44.582000 +00:00;7C:D9:F4:03:0F:87;LamaTrincia;0;45.40809833333333;10.0027875;74.8;2070;;false;
WSXFP10200LD10194;2024-08-23 16:27:40.150000 +00:00;7C:D9:F4:03:0F:87;LamaTrincia;2.22266;45.407788833333335;10.002865833333333;77.8;2930;;false;
WSXFP10200LD10194;2024-08-23 17:05:38.607000 +00:00;7C:D9:F4:03:0F:87;LamaTrincia;1.20703;45.40800800000001;10.0029915;84.2;2140;;false;
WSXFP10200LD10194;2024-08-23 17:13:03.909000 +00:00;7C:D9:F4:03:0F:87;LamaTrincia;0;45.40810150000001;10.00269233333333;78.1;2080;;false;
WSXFP10200LD10194;2024-08-23 17:13:44.512000 +00:00;7C:D9:F4:03:0F:87;LamaTrincia;5.01953;45.407907333333334;10.003060500000002;90.7;2000;;false;
WSXFP10200LD10194;2024-08-23 17:17:20.503000 +00:00;7C:D9:F4:03:0F:87;LamaTrincia;6.12109;45.40770333333333;10.002792833333332;98;2000;;false;
WSXFP10200LD10194;2024-08-23 17:20:53.032000 +00:00;7C:D9:F4:03:0F:87;LamaTrincia;7.23828;45.407852000000005;10.002787666666668;96.2;2000;;false;
WSXFP10200LD10194;2024-08-23 17:28:16.559000 +00:00;7C:D9:F4:03:0F:87;LamaTrincia;2.96875;45.4078635;10.002793833333333;83.2;0;;false;
WSXFP10200LD10194;2024-08-23 17:34:52.183000 +00:00;7C:D9:F4:03:0F:87;LamaTrincia;6.13672;45.40789083333335;10.002950833333331;81.8;2000;;false;
WSXFP10200LD10194;2024-08-23 17:38:26.269000 +00:00;7C:D9:F4:03:0F:87;LamaTrincia;3.64844;45.407805499999995;10.002854500000002;87.2;2000;;false;
WSXFP10200LD10194;2024-08-23 17:46:40.078000 +00:00;7C:D9:F4:03:0F:87;LamaTrincia;0;45.4080825;10.002809500000001;80.3;2000;;false;
WSXFP10200LD10194;2024-08-23 17:47:13.143000 +00:00;7C:D9:F4:03:0F:87;LamaTrincia;0.699219;45.408083166666664;10.002838;80.3;2210;;false;
WSXFP10200LD10194;2024-08-23 17:50:53.799000 +00:00;7C:D9:F4:03:0F:87;LamaTrincia;5.74609;45.407789833333325;10.002824666666669;84.7;2160;;false;
WSXFP10200LD10194;2024-08-23 17:58:46.252000 +00:00;7C:D9:F4:00:C1:FB;Carro37;0;45.408049;10.003061333333333;77.6;2000;;false;
WSXFP10200LD10194;2024-08-23 18:00:20.294000 +00:00;7C:D9:F4:00:C1:FB;Carro37;0;45.408097166666664;10.003256666666665;72.5;3800;;false;
WSXFP10200LD10194;2024-08-23 18:00:21.038000 +00:00;7C:D9:F4:03:0F:87;LamaTrincia;0;45.40809766666667;10.003257;72.2;2200;;false;
WSXFP10200LD10194;2024-08-23 18:06:23.299000 +00:00;7C:D9:F4:03:0F:87;LamaTrincia;5.08984;45.407904666666674;10.002884333333334;77.5;2050;;false;
WSXFP10200LD10194;2024-08-23 18:10:59.598000 +00:00;7C:D9:F4:03:0F:87;LamaTrincia;4.25781;45.40794033333333;10.002939333333334;74.5;2930;;false;
WSXFP10200LD10194;2024-08-23 18:17:45.217000 +00:00;7C:D9:F4:03:0F:87;LamaTrincia;5.6875;45.407953666666664;10.002953666666667;82.1;2250;;false;
WSXFP10200LD10194;2024-08-23 18:32:38.209000 +00:00;7C:D9:F4:03:0F:87;LamaTrincia;7.33594;45.4077255;10.002774166666667;86.3;3070;;false;
WSXFP10200LD10194;2024-08-23 18:36:15.817000 +00:00;7C:D9:F4:03:0F:87;LamaTrincia;2.60938;45.40791583333333;10.002754833333332;89.9;2270;;false;
WSXFP10200LD10194;2024-08-23 18:39:43.020000 +00:00;7C:D9:F4:03:0F:87;LamaTrincia;3.72656;45.40792266666667;10.0027775;85.5;2250;;false;
WSXFP10200LD10194;2024-08-23 18:43:07.985000 +00:00;7C:D9:F4:03:0F:87;LamaTrincia;5.40625;45.40646366666666;10.003570999999999;88;2000;;false;
WSXFP10200LD10194;2024-08-23 18:44:14.618000 +00:00;7C:D9:F4:03:0F:87;LamaTrincia;0;45.406446499999994;10.003713833333334;83.5;2250;;false;
WSXFP10200LD10194;2024-08-24 04:57:06.924000 +00:00;7C:D9:F4:03:0F:87;LamaTrincia;2.10938;45.40757983333334;10.002650166666665;86.7;2000;;false;
WSXFP10200LD10194;2024-08-24 05:04:05.188000 +00:00;7C:D9:F4:03:0F:87;LamaTrincia;2.67969;45.40769083333333;10.002740666666666;81.4;2890;;false;
WSXFP10200LD10194;2024-08-24 05:07:18.345000 +00:00;7C:D9:F4:03:0F:87;LamaTrincia;2.66797;45.40775383333333;10.002761000000001;72;3920;;false;
WSXFP10200LD10194;2024-08-24 05:14:26.420000 +00:00;7C:D9:F4:03:0F:87;LamaTrincia;1.28516;45.40774133333333;10.002916833333334;73;3930;;false;
WSXFP10200LD10194;2024-08-24 05:17:48.250000 +00:00;7C:D9:F4:03:0F:87;LamaTrincia;3.06641;45.40777700000001;10.00291733333333;71;2000;;false;
WSXFP10200LD10194;2024-08-24 05:21:29.010000 +00:00;7C:D9:F4:03:0F:87;LamaTrincia;3.23438;45.4078805;10.002870666666666;79.6;2000;;false;
WSXFP10200LD10194;2024-08-24 09:20:38.681000 +00:00;7C:D9:F4:03:0F:87;LamaTrincia;0;45.40636333333334;10.0038875;103.7;2890;;false;
WSXFP10200LD10194;2024-08-25 13:17:16.531000 +00:00;7C:D9:F4:03:0F:87;LamaTrincia;0;45.40635466666666;10.004025666666667;65.1;2000;;false;
WSXFP10200LD10194;2024-08-28 08:37:45.741000 +00:00;7C:D9:F4:01:8F:EE;Botte;0;45.49153283333334;10.0465085;129.6;2000;;false;
WSXFP10200LD10194;2024-08-28 08:45:16.156000 +00:00;7C:D9:F4:01:8F:EE;Botte;0.582031;45.49159216666666;10.046402333333333;108.9;2510;;false;
WSXFP10200LD10194;2024-08-28 08:46:17.317000 +00:00;7C:D9:F4:01:8F:EE;Botte;0.1875;45.49153216666667;10.046416833333334;110.2;2000;;false;
WSXFP10200LD10194;2024-08-28 08:57:31.981000 +00:00;7C:D9:F4:01:8F:EE;Botte;0.609375;45.491471833333335;10.046534833333332;97.8;2510;;false;
WSXFP10200LD10194;2024-08-28 08:58:51.804000 +00:00;7C:D9:F4:01:8F:EE;Botte;0;45.49146333333333;10.046528333333335;104.4;2510;;false;
WSXFP10200LD10194;2024-08-28 09:38:26.177000 +00:00;7C:D9:F4:01:8F:EE;Botte;1.69922;45.49143566666667;10.046477999999999;103;3060;;false;
WSXFP10200LD10194;2024-08-28 09:42:05.715000 +00:00;7C:D9:F4:01:8F:EE;Botte;0;45.49055633333334;10.044620499999999;116.3;2520;;false;
WSXFP10200LD10194;2024-08-28 12:05:36.757000 +00:00;7C:D9:F4:01:8F:EE;Botte;4.49219;45.49046499999999;10.044357166666668;78.8;2000;;false;
WSXFP10200LD10194;2024-08-28 12:08:59.050000 +00:00;7C:D9:F4:01:8F:EE;Botte;33.9688;45.485148333333335;10.050518;82.6;2000;;false;
WSXFP10200LD10194;2024-08-28 12:12:26.961000 +00:00;7C:D9:F4:01:8F:EE;Botte;34.4023;45.49063533333333;10.065438499999999;105.1;2000;;false;
WSXFP10200LD10194;2024-08-28 12:16:35.528000 +00:00;7C:D9:F4:01:8F:EE;Botte;0;45.48640749999999;10.0667585;96.4;3280;;false;
WSXFP10200LD10194;2024-08-28 12:22:24.860000 +00:00;7C:D9:F4:01:8F:EE;Botte;2.86719;45.48645883333334;10.0667785;70.7;2000;;false;
WSXFP10200LD10194;2024-08-28 12:26:37.856000 +00:00;7C:D9:F4:01:8F:EE;Botte;0;45.48621066666666;10.066367166666668;117.6;2000;;false;
WSXFP10200LD10194;2024-08-28 12:31:39.377000 +00:00;7C:D9:F4:01:8F:EE;Botte;3.89844;45.486314333333326;10.0662625;109.7;3280;;false;
WSXFP10200LD10194;2024-08-28 12:33:38.540000 +00:00;7C:D9:F4:01:8F:EE;Botte;0;45.486394000000004;10.066927666666666;104.6;2000;;false;
WSXFP10200LD10194;2024-08-28 12:39:52.748000 +00:00;7C:D9:F4:01:8F:EE;Botte;2.57813;45.486346999999995;10.066962833333335;92.1;3280;;false;
WSXFP10200LD10194;2024-08-28 12:46:31.059000 +00:00;7C:D9:F4:01:8F:EE;Botte;0;45.48529149999999;10.0700705;115.9;4190;;false;
WSXFP10200LD10194;2024-08-28 12:49:37.214000 +00:00;7C:D9:F4:01:8F:EE;Botte;7.85938;45.48556616666667;10.068872833333332;113.3;2000;;false;
WSXFP10200LD10194;2024-08-28 12:52:58.319000 +00:00;7C:D9:F4:01:8F:EE;Botte;1.32813;45.48648083333333;10.067097333333335;120.1;2000;;false;
WSXFP10200LD10194;2024-08-28 12:54:57.404000 +00:00;7C:D9:F4:01:8F:EE;Botte;0;45.48654033333334;10.067044833333334;127.4;2000;;false;
WSXFP10200LD10194;2024-08-28 13:02:15.394000 +00:00;7C:D9:F4:01:8F:EE;Botte;2.99219;45.48644466666667;10.066952833333334;115.6;2000;;false;
WSXFP10200LD10194;2024-08-28 13:05:37.903000 +00:00;7C:D9:F4:01:8F:EE;Botte;20.1563;45.489130499999995;10.064707166666667;104.3;3280;;false;
WSXFP10200LD10194;2024-08-28 13:09:02.185000 +00:00;7C:D9:F4:01:8F:EE;Botte;21.9688;45.48743100000001;10.053781333333335;118.3;2000;;false;
WSXFP10200LD10194;2024-08-28 13:12:40.257000 +00:00;7C:D9:F4:01:8F:EE;Botte;18.543;45.489718499999995;10.046085833333333;110.8;3290;;false;
WSXFP10200LD10194;2024-08-28 13:15:12.694000 +00:00;7C:D9:F4:01:8F:EE;Botte;0;45.491929833333344;10.046799333333333;110.2;3320;;false;
WSXFP10200LD10194;2024-08-28 13:18:55.336000 +00:00;7C:D9:F4:01:8F:EE;Botte;8.91797;45.49188600000001;10.0468145;99.8;2000;;false;
WSXFP10200LD10194;2024-08-28 13:22:16.326000 +00:00;7C:D9:F4:01:8F:EE;Botte;37.6563;45.4852985;10.047988166666665;111.5;3330;;false;
WSXFP10200LD10194;2024-08-28 13:25:46.855000 +00:00;7C:D9:F4:01:8F:EE;Botte;28.4258;45.49084899999999;10.064448333333335;105.8;2000;;false;
WSXFP10200LD10194;2024-08-28 13:29:11.078000 +00:00;7C:D9:F4:01:8F:EE;Botte;4.96484;45.486528666666665;10.067193666666666;115.8;3350;;false;
WSXFP10200LD10194;2024-08-28 13:31:40.414000 +00:00;7C:D9:F4:01:8F:EE;Botte;0;45.48645516666667;10.067194833333334;112.4;2000;;false;
WSXFP10200LD10194;2024-08-28 13:42:27.857000 +00:00;7C:D9:F4:01:8F:EE;Botte;0;45.486417333333335;10.067119833333335;113.8;3320;;false;
WSXFP10200LD10194;2024-08-28 13:44:17.779000 +00:00;7C:D9:F4:01:8F:EE;Botte;0;45.486546000000004;10.066693999999998;103.5;2000;;false;
WSXFP10200LD10194;2024-08-28 13:50:13.696000 +00:00;7C:D9:F4:01:8F:EE;Botte;0.789063;45.486475500000005;10.066708166666665;96.7;3290;;false;
WSXFP10200LD10194;2024-08-28 13:53:35.049000 +00:00;7C:D9:F4:01:8F:EE;Botte;18.7891;45.49120366666666;10.065462166666666;112.7;3340;;false;
WSXFP10200LD10194;2024-08-28 13:56:59.676000 +00:00;7C:D9:F4:01:8F:EE;Botte;21.2578;45.48498466666667;10.052180000000002;96.9;2000;;false;
WSXFP10200LD10194;2024-08-28 14:01:36.350000 +00:00;7C:D9:F4:01:8F:EE;Botte;0;45.49192466666666;10.046822500000001;110.6;3350;;false;
WSXFP10200LD10194;2024-08-28 14:04:51.713000 +00:00;7C:D9:F4:01:8F:EE;Botte;1.15625;45.49194883333333;10.046771666666666;113.3;2000;;false;
WSXFP10200LD10194;2024-08-28 14:08:26.101000 +00:00;7C:D9:F4:01:8F:EE;Botte;35.7227;45.485292333333334;10.049761;100;2760;;false;
WSXFP10200LD10194;2024-08-28 14:11:49.419000 +00:00;7C:D9:F4:01:8F:EE;Botte;29.9492;45.490728499999996;10.064304499999999;111.3;2000;;false;
WSXFP10200LD10194;2024-08-28 14:15:52.517000 +00:00;7C:D9:F4:01:8F:EE;Botte;0;45.48655866666666;10.066516333333334;113.4;2810;;false;
WSXFP10200LD10194;2024-08-28 14:27:49.777000 +00:00;7C:D9:F4:01:8F:EE;Botte;7.95703;45.486685;10.066486833333332;137.9;3350;;false;
WSXFP10200LD10194;2024-08-28 14:31:14.403000 +00:00;7C:D9:F4:01:8F:EE;Botte;34.2969;45.49022750000001;10.062347666666666;121.6;2000;;false;
WSXFP10200LD10194;2024-08-28 14:34:38.314000 +00:00;7C:D9:F4:01:8F:EE;Botte;30.2383;45.4852805;10.048433666666666;135.3;2000;;false;
WSXFP10200LD10194;2024-08-28 14:38:54.142000 +00:00;7C:D9:F4:01:8F:EE;Botte;0;45.49211383333333;10.046907166666669;107.8;2000;;false;
WSXFP10200LD10194;2024-08-28 14:42:51.711000 +00:00;7C:D9:F4:01:8F:EE;Botte;8.90625;45.49195283333333;10.046784333333333;115;2000;;false;
WSXFP10200LD10194;2024-08-28 14:46:12.829000 +00:00;7C:D9:F4:01:8F:EE;Botte;30.5078;45.48535616666667;10.048395333333332;111.4;3370;;false;
WSXFP10200LD10194;2024-08-28 14:49:37.838000 +00:00;7C:D9:F4:01:8F:EE;Botte;27.6484;45.490741;10.064376999999999;108.5;3350;;false;
WSXFP10200LD10194;2024-08-28 14:53:01.569000 +00:00;7C:D9:F4:01:8F:EE;Botte;0.566406;45.48687466666667;10.066532;104.2;2000;;false;
WSXFP10200LD10194;2024-08-28 14:56:04.287000 +00:00;7C:D9:F4:01:8F:EE;Botte;0;45.48664;10.066579333333333;106.8;3370;;false;
WSXFP10200LD10194;2024-08-28 15:10:33.106000 +00:00;7C:D9:F4:01:8F:EE;Botte;3.4375;45.486666166666666;10.066543500000002;102.1;2000;;false;
WSXFP10200LD10194;2024-08-28 15:13:58.249000 +00:00;7C:D9:F4:01:8F:EE;Botte;29.2344;45.490806333333325;10.064410833333334;116.3;2000;;false;
WSXFP10200LD10194;2024-08-28 15:17:26.104000 +00:00;7C:D9:F4:01:8F:EE;Botte;25.1992;45.485277333333336;10.049048166666669;117;2000;;false;
WSXFP10200LD10194;2024-08-28 15:21:31.737000 +00:00;7C:D9:F4:01:8F:EE;Botte;0;45.491956166666654;10.046864166666666;116.2;2000;;false;
WSXFP10200LD10194;2024-08-28 15:25:29.190000 +00:00;7C:D9:F4:01:8F:EE;Botte;10.7695;45.49192;10.046778499999999;105.9;2810;;false;
WSXFP10200LD10194;2024-08-28 15:29:23.641000 +00:00;7C:D9:F4:01:8F:EE;Botte;0;45.49086216666666;10.0441915;104.8;2000;;false;
